snapshot_id,snapshot_ts,snapshot_minute_of_day,branch_id,hour_block,peak_flag,peak_intraday_band,peak_intraday_flag,peak_payroll_flag,social_transfer_program,social_transfer_access_channel,peak_operational_flag,payroll_cycle_type,peak_social_transfer_flag,peak_operational_type,peak_composite_level,restricted_cash_window_flag,queue_length_total,active_atm_count,busy_atm_count,idle_atm_count,failed_atm_count,cashout_atm_count,blocked_arrivals_count,data_quality_flag
SNAP-00001,2026-05-04 08:00:45,480,PUNO-CENTRAL,08:00-08:59,false,morning_transition,false,true,ninguno,desconocido,false,inicio_mes,false,none,normal,false,3,4,1,3,0,0,0,inferido
SNAP-00002,2026-05-04 08:13:10,493,PUNO-CENTRAL,08:00-08:59,false,morning_transition,false,true,ninguno,desconocido,false,inicio_mes,false,none,moderado,false,1,4,2,2,0,0,0,mixto
SNAP-00003,2026-05-04 08:23:56,503,PUNO-CENTRAL,08:00-08:59,false,morning_transition,false,true,ninguno,desconocido,false,inicio_mes,false,none,normal,false,0,4,1,3,0,0,0,mixto
SNAP-00004,2026-05-04 08:33:57,513,PUNO-CENTRAL,08:00-08:59,false,morning_transition,false,true,ninguno,desconocido,true,inicio_mes,false,network_issue,alto,false,9,3,2,1,0,0,2,mixto
SNAP-00005,2026-05-04 08:44:15,524,PUNO-CENTRAL,08:00-08:59,false,morning_transition,false,true,ninguno,desconocido,true,inicio_mes,false,network_issue,alto,false,3,3,3,0,0,0,1,mixto
SNAP-00006,2026-05-04 08:54:45,534,PUNO-CENTRAL,08:00-08:59,false,morning_transition,false,true,ninguno,desconocido,true,inicio_mes,false,network_issue,alto,false,4,3,3,0,0,0,3,mixto
SNAP-00007,2026-05-04 09:06:08,546,PUNO-CENTRAL,09:00-09:59,false,morning_transition,false,true,ninguno,desconocido,false,inicio_mes,false,none,normal,false,3,4,2,2,0,0,0,mixto
SNAP-00008,2026-05-04 09:18:12,558,PUNO-CENTRAL,09:00-09:59,false,morning_transition,false,true,ninguno,desconocido,false,inicio_mes,false,none,normal,false,1,4,1,3,0,0,0,mixto
SNAP-00009,2026-05-04 09:30:36,570,PUNO-CENTRAL,09:00-09:59,false,morning_transition,false,true,ninguno,desconocido,false,inicio_mes,false,none,moderado,false,2,4,2,2,0,0,0,mixto
SNAP-00010,2026-05-04 09:41:02,581,PUNO-CENTRAL,09:00-09:59,false,morning_transition,false,true,ninguno,desconocido,false,inicio_mes,false,none,moderado,false,3,4,2,2,0,0,0,inferido
SNAP-00011,2026-05-04 09:47:53,587,PUNO-CENTRAL,09:00-09:59,false,morning_transition,false,true,ninguno,desconocido,false,inicio_mes,false,none,normal,false,2,4,1,3,0,0,0,mixto
SNAP-00012,2026-05-04 09:58:38,598,PUNO-CENTRAL,09:00-09:59,false,morning_transition,false,true,ninguno,desconocido,false,inicio_mes,false,none,normal,false,3,4,0,4,0,0,0,mixto
SNAP-00013,2026-05-04 10:09:16,609,PUNO-CENTRAL,10:00-10:59,false,morning_transition,false,true,ninguno,desconocido,false,inicio_mes,false,none,normal,false,0,4,0,4,0,0,0,mixto
SNAP-00014,2026-05-04 10:13:07,613,PUNO-CENTRAL,10:00-10:59,false,morning_transition,false,true,ninguno,desconocido,false,inicio_mes,false,none,moderado,false,1,4,2,2,0,0,0,inferido
SNAP-00015,2026-05-04 10:23:26,623,PUNO-CENTRAL,10:00-10:59,false,morning_transition,false,true,ninguno,desconocido,false,inicio_mes,false,none,normal,false,0,4,1,3,0,0,0,mixto
SNAP-00016,2026-05-04 10:34:30,634,PUNO-CENTRAL,10:00-10:59,true,midday_peak,true,true,ninguno,desconocido,false,inicio_mes,false,none,alto,false,5,4,3,1,0,0,1,mixto
SNAP-00017,2026-05-04 10:44:34,644,PUNO-CENTRAL,10:00-10:59,true,midday_peak,true,true,ninguno,desconocido,false,inicio_mes,false,none,alto,false,5,4,3,1,0,0,0,inferido
SNAP-00018,2026-05-04 10:55:53,655,PUNO-CENTRAL,10:00-10:59,true,midday_peak,true,true,ninguno,desconocido,false,inicio_mes,false,none,alto,false,1,4,4,0,0,0,2,mixto
SNAP-00019,2026-05-04 11:08:46,668,PUNO-CENTRAL,11:00-11:59,true,midday_peak,true,true,ninguno,desconocido,false,inicio_mes,false,none,normal,false,6,4,3,1,0,0,1,mixto
SNAP-00020,2026-05-04 11:12:18,672,PUNO-CENTRAL,11:00-11:59,true,midday_peak,true,true,ninguno,desconocido,false,inicio_mes,false,none,moderado,false,4,4,3,1,0,0,0,inferido
SNAP-00021,2026-05-04 11:12:50,672,PUNO-CENTRAL,11:00-11:59,true,midday_peak,true,true,ninguno,desconocido,false,inicio_mes,false,none,moderado,false,6,4,2,2,0,0,2,mixto
SNAP-00022,2026-05-04 11:15:27,675,PUNO-CENTRAL,11:00-11:59,true,midday_peak,true,true,ninguno,desconocido,false,inicio_mes,false,none,normal,false,2,4,4,0,0,0,2,mixto
SNAP-00023,2026-05-04 11:25:30,685,PUNO-CENTRAL,11:00-11:59,true,midday_peak,true,true,ninguno,desconocido,true,inicio_mes,false,cashout,alto,false,14,2,2,0,0,2,5,mixto
SNAP-00024,2026-05-04 11:33:08,693,PUNO-CENTRAL,11:00-11:59,true,midday_peak,true,true,ninguno,desconocido,true,inicio_mes,false,cashout,critico,false,11,2,1,1,0,2,2,mixto
SNAP-00025,2026-05-04 11:44:28,704,PUNO-CENTRAL,11:00-11:59,true,midday_peak,true,true,ninguno,desconocido,true,inicio_mes,false,cashout,alto,false,11,2,1,1,0,2,4,mixto
SNAP-00026,2026-05-04 11:54:17,714,PUNO-CENTRAL,11:00-11:59,true,midday_peak,true,true,ninguno,desconocido,true,inicio_mes,false,cashout,alto,false,11,2,1,1,0,2,3,mixto
SNAP-00027,2026-05-04 11:54:53,714,PUNO-CENTRAL,11:00-11:59,true,midday_peak,true,true,ninguno,desconocido,true,inicio_mes,false,cashout,alto,false,9,2,1,1,0,2,5,mixto
SNAP-00028,2026-05-04 11:55:02,715,PUNO-CENTRAL,11:00-11:59,true,midday_peak,true,true,ninguno,desconocido,true,inicio_mes,false,cashout,critico,false,13,2,1,1,0,2,1,mixto
SNAP-00029,2026-05-04 11:55:41,715,PUNO-CENTRAL,11:00-11:59,true,midday_peak,true,true,ninguno,desconocido,true,inicio_mes,false,cashout,critico,false,8,2,1,1,0,2,6,mixto
SNAP-00030,2026-05-04 11:55:54,715,PUNO-CENTRAL,11:00-11:59,true,midday_peak,true,true,ninguno,desconocido,true,inicio_mes,false,cashout,critico,false,10,2,1,1,0,2,5,mixto
SNAP-00031,2026-05-04 11:59:28,719,PUNO-CENTRAL,11:00-11:59,true,midday_peak,true,true,ninguno,desconocido,true,inicio_mes,false,cashout,critico,false,9,2,2,0,0,2,5,mixto
SNAP-00032,2026-05-04 12:09:33,729,PUNO-CENTRAL,12:00-12:59,true,midday_peak,true,true,ninguno,desconocido,false,inicio_mes,false,none,moderado,false,2,4,4,0,0,0,2,mixto
SNAP-00033,2026-05-04 12:21:06,741,PUNO-CENTRAL,12:00-12:59,true,midday_peak,true,true,ninguno,desconocido,false,inicio_mes,false,none,moderado,false,6,4,3,1,0,0,2,inferido
SNAP-00034,2026-05-04 12:22:50,742,PUNO-CENTRAL,12:00-12:59,true,midday_peak,true,true,ninguno,desconocido,false,inicio_mes,false,none,normal,false,5,4,3,1,0,0,1,inferido
SNAP-00035,2026-05-04 12:32:58,752,PUNO-CENTRAL,12:00-12:59,true,midday_peak,true,true,ninguno,desconocido,false,inicio_mes,false,none,moderado,false,2,4,2,2,0,0,0,mixto
SNAP-00036,2026-05-04 12:33:54,753,PUNO-CENTRAL,12:00-12:59,true,midday_peak,true,true,ninguno,desconocido,false,inicio_mes,false,none,normal,false,5,4,2,2,0,0,2,mixto
SNAP-00037,2026-05-04 12:34:08,754,PUNO-CENTRAL,12:00-12:59,true,midday_peak,true,true,ninguno,desconocido,false,inicio_mes,false,none,normal,false,2,4,4,0,0,0,0,mixto
SNAP-00038,2026-05-04 12:34:12,754,PUNO-CENTRAL,12:00-12:59,true,midday_peak,true,true,ninguno,desconocido,false,inicio_mes,false,none,normal,false,6,4,4,0,0,0,0,mixto
SNAP-00039,2026-05-04 12:34:24,754,PUNO-CENTRAL,12:00-12:59,true,midday_peak,true,true,ninguno,desconocido,false,inicio_mes,false,none,normal,false,1,4,2,2,0,0,1,mixto
SNAP-00040,2026-05-04 12:34:36,754,PUNO-CENTRAL,12:00-12:59,true,midday_peak,true,true,ninguno,desconocido,false,inicio_mes,false,none,alto,false,2,4,4,0,0,0,1,mixto
SNAP-00041,2026-05-04 12:44:38,764,PUNO-CENTRAL,12:00-12:59,true,midday_peak,true,true,ninguno,desconocido,false,inicio_mes,false,none,normal,false,2,4,3,1,0,0,2,mixto
SNAP-00042,2026-05-04 12:54:41,774,PUNO-CENTRAL,12:00-12:59,true,midday_peak,true,true,ninguno,desconocido,false,inicio_mes,false,none,moderado,false,5,4,4,0,0,0,2,inferido
SNAP-00043,2026-05-04 12:55:58,775,PUNO-CENTRAL,12:00-12:59,true,midday_peak,true,true,ninguno,desconocido,false,inicio_mes,false,none,normal,false,4,4,2,2,0,0,1,mixto
SNAP-00044,2026-05-04 12:57:59,777,PUNO-CENTRAL,12:00-12:59,true,midday_peak,true,true,ninguno,desconocido,false,inicio_mes,false,none,moderado,false,1,4,2,2,0,0,2,mixto
SNAP-00045,2026-05-04 13:08:17,788,PUNO-CENTRAL,13:00-13:59,true,midday_peak,true,true,ninguno,desconocido,false,inicio_mes,false,none,moderado,false,4,4,3,1,0,0,1,mixto
SNAP-00046,2026-05-04 13:15:07,795,PUNO-CENTRAL,13:00-13:59,true,midday_peak,true,true,ninguno,desconocido,false,inicio_mes,false,none,alto,false,1,4,4,0,0,0,2,inferido
SNAP-00047,2026-05-04 13:15:29,795,PUNO-CENTRAL,13:00-13:59,true,midday_peak,true,true,ninguno,desconocido,false,inicio_mes,false,none,moderado,false,1,4,4,0,0,0,0,mixto
SNAP-00048,2026-05-04 13:20:57,800,PUNO-CENTRAL,13:00-13:59,true,midday_peak,true,true,ninguno,desconocido,false,inicio_mes,false,none,normal,false,3,4,4,0,0,0,0,mixto
SNAP-00049,2026-05-04 13:21:07,801,PUNO-CENTRAL,13:00-13:59,true,midday_peak,true,true,ninguno,desconocido,false,inicio_mes,false,none,moderado,false,2,4,2,2,0,0,2,mixto
SNAP-00050,2026-05-04 13:21:12,801,PUNO-CENTRAL,13:00-13:59,true,midday_peak,true,true,ninguno,desconocido,false,inicio_mes,false,none,moderado,false,4,4,2,2,0,0,0,mixto
SNAP-00051,2026-05-04 13:27:31,807,PUNO-CENTRAL,13:00-13:59,true,midday_peak,true,true,ninguno,desconocido,false,inicio_mes,false,none,moderado,false,2,4,3,1,0,0,0,mixto
SNAP-00052,2026-05-04 13:31:05,811,PUNO-CENTRAL,13:00-13:59,true,midday_peak,true,true,ninguno,desconocido,false,inicio_mes,false,none,alto,false,1,4,4,0,0,0,0,inferido
SNAP-00053,2026-05-04 13:31:56,811,PUNO-CENTRAL,13:00-13:59,true,midday_peak,true,true,ninguno,desconocido,false,inicio_mes,false,none,normal,false,1,4,4,0,0,0,0,mixto
SNAP-00054,2026-05-04 13:42:28,822,PUNO-CENTRAL,13:00-13:59,true,midday_peak,true,true,ninguno,desconocido,false,inicio_mes,false,none,moderado,false,4,4,2,2,0,0,1,mixto
SNAP-00055,2026-05-04 13:45:00,825,PUNO-CENTRAL,13:00-13:59,true,midday_peak,true,true,ninguno,desconocido,false,inicio_mes,false,none,normal,false,4,4,2,2,0,0,0,mixto
SNAP-00056,2026-05-04 13:45:11,825,PUNO-CENTRAL,13:00-13:59,true,midday_peak,true,true,ninguno,desconocido,false,inicio_mes,false,none,moderado,false,1,4,3,1,0,0,1,mixto
SNAP-00057,2026-05-04 13:56:40,836,PUNO-CENTRAL,13:00-13:59,true,midday_peak,true,true,ninguno,desconocido,false,inicio_mes,false,none,alto,false,3,4,3,1,0,0,1,mixto
SNAP-00058,2026-05-04 14:07:10,847,PUNO-CENTRAL,14:00-14:59,true,afternoon_peak,true,true,ninguno,desconocido,false,inicio_mes,false,none,alto,false,5,4,4,0,0,0,2,mixto
SNAP-00059,2026-05-04 14:10:25,850,PUNO-CENTRAL,14:00-14:59,true,afternoon_peak,true,true,ninguno,desconocido,false,inicio_mes,false,none,moderado,false,2,4,3,1,0,0,0,mixto
SNAP-00060,2026-05-04 14:11:14,851,PUNO-CENTRAL,14:00-14:59,true,afternoon_peak,true,true,ninguno,desconocido,false,inicio_mes,false,none,alto,false,1,4,2,2,0,0,2,mixto
SNAP-00061,2026-05-04 14:19:08,859,PUNO-CENTRAL,14:00-14:59,true,afternoon_peak,true,true,ninguno,desconocido,false,inicio_mes,false,none,moderado,false,1,4,4,0,0,0,2,mixto
SNAP-00062,2026-05-04 14:29:42,869,PUNO-CENTRAL,14:00-14:59,true,afternoon_peak,true,true,ninguno,desconocido,false,inicio_mes,false,none,moderado,false,1,4,2,2,0,0,2,mixto
SNAP-00063,2026-05-04 14:32:44,872,PUNO-CENTRAL,14:00-14:59,true,afternoon_peak,true,true,ninguno,desconocido,false,inicio_mes,false,none,normal,false,5,4,4,0,0,0,0,mixto
SNAP-00064,2026-05-04 14:32:50,872,PUNO-CENTRAL,14:00-14:59,true,afternoon_peak,true,true,ninguno,desconocido,false,inicio_mes,false,none,normal,false,1,4,4,0,0,0,0,mixto
SNAP-00065,2026-05-04 14:33:48,873,PUNO-CENTRAL,14:00-14:59,true,afternoon_peak,true,true,ninguno,desconocido,false,inicio_mes,false,none,normal,false,1,4,4,0,0,0,2,mixto
SNAP-00066,2026-05-04 14:45:21,885,PUNO-CENTRAL,14:00-14:59,true,afternoon_peak,true,true,ninguno,desconocido,false,inicio_mes,false,none,normal,false,1,4,3,1,0,0,2,mixto
SNAP-00067,2026-05-04 14:56:35,896,PUNO-CENTRAL,14:00-14:59,true,afternoon_peak,true,true,ninguno,desconocido,false,inicio_mes,false,none,alto,false,5,4,4,0,0,0,0,mixto
SNAP-00068,2026-05-04 15:09:14,909,PUNO-CENTRAL,15:00-15:59,true,afternoon_peak,true,true,ninguno,desconocido,false,inicio_mes,false,none,alto,false,4,4,2,2,0,0,2,inferido
SNAP-00069,2026-05-04 15:20:22,920,PUNO-CENTRAL,15:00-15:59,true,afternoon_peak,true,true,ninguno,desconocido,false,inicio_mes,false,none,moderado,false,5,4,4,0,0,0,1,inferido
SNAP-00070,2026-05-04 15:31:48,931,PUNO-CENTRAL,15:00-15:59,true,afternoon_peak,true,true,ninguno,desconocido,false,inicio_mes,false,none,moderado,false,6,4,2,2,0,0,2,mixto
SNAP-00071,2026-05-04 15:43:02,943,PUNO-CENTRAL,15:00-15:59,true,afternoon_peak,true,true,ninguno,desconocido,false,inicio_mes,false,none,normal,false,3,4,2,2,0,0,1,inferido
SNAP-00072,2026-05-04 15:53:18,953,PUNO-CENTRAL,15:00-15:59,true,afternoon_peak,true,true,ninguno,desconocido,false,inicio_mes,false,none,moderado,false,6,4,4,0,0,0,1,mixto
SNAP-00073,2026-05-04 16:04:18,964,PUNO-CENTRAL,16:00-16:59,false,night_low,false,true,ninguno,desconocido,false,inicio_mes,false,none,normal,false,0,4,1,3,0,0,0,mixto
SNAP-00074,2026-05-04 16:17:14,977,PUNO-CENTRAL,16:00-16:59,false,night_low,false,true,ninguno,desconocido,false,inicio_mes,false,none,normal,false,0,4,1,3,0,0,0,inferido
SNAP-00075,2026-05-04 16:27:16,987,PUNO-CENTRAL,16:00-16:59,false,night_low,false,true,ninguno,desconocido,false,inicio_mes,false,none,moderado,false,1,4,2,2,0,0,0,mixto
SNAP-00076,2026-05-04 16:33:21,993,PUNO-CENTRAL,16:00-16:59,false,night_low,false,true,ninguno,desconocido,false,inicio_mes,false,none,normal,false,1,4,1,3,0,0,0,mixto
SNAP-00077,2026-05-04 16:33:33,993,PUNO-CENTRAL,16:00-16:59,false,night_low,false,true,ninguno,desconocido,false,inicio_mes,false,none,normal,false,1,4,0,4,0,0,0,inferido
SNAP-00078,2026-05-04 16:46:35,1006,PUNO-CENTRAL,16:00-16:59,false,night_low,false,true,ninguno,desconocido,false,inicio_mes,false,none,normal,false,1,4,1,3,0,0,0,mixto
SNAP-00079,2026-05-04 16:59:17,1019,PUNO-CENTRAL,16:00-16:59,false,night_low,false,true,ninguno,desconocido,false,inicio_mes,false,none,moderado,false,2,4,2,2,0,0,0,mixto
SNAP-00080,2026-05-04 17:00:16,1020,PUNO-CENTRAL,17:00-17:59,true,evening_peak,true,true,ninguno,desconocido,false,inicio_mes,false,none,alto,false,5,4,4,0,0,0,0,mixto
SNAP-00081,2026-05-04 17:10:25,1030,PUNO-CENTRAL,17:00-17:59,true,evening_peak,true,true,ninguno,desconocido,false,inicio_mes,false,none,normal,false,3,4,4,0,0,0,2,mixto
SNAP-00082,2026-05-04 17:18:50,1038,PUNO-CENTRAL,17:00-17:59,true,evening_peak,true,true,ninguno,desconocido,true,inicio_mes,false,cashout,alto,false,10,3,2,1,0,1,1,mixto
SNAP-00083,2026-05-04 17:18:47,1038,PUNO-CENTRAL,17:00-17:59,true,evening_peak,true,true,ninguno,desconocido,true,inicio_mes,false,cashout,critico,false,10,3,2,1,0,1,3,mixto
SNAP-00084,2026-05-04 17:30:09,1050,PUNO-CENTRAL,17:00-17:59,true,evening_peak,true,true,ninguno,desconocido,true,inicio_mes,false,cashout,critico,false,11,3,2,1,0,1,2,inferido
SNAP-00085,2026-05-04 17:41:13,1061,PUNO-CENTRAL,17:00-17:59,true,evening_peak,true,true,ninguno,desconocido,true,inicio_mes,false,cashout,critico,false,14,3,3,0,0,1,4,mixto
SNAP-00086,2026-05-04 17:45:59,1065,PUNO-CENTRAL,17:00-17:59,true,evening_peak,true,true,ninguno,desconocido,true,inicio_mes,false,cashout,critico,false,7,3,2,1,0,1,6,mixto
SNAP-00087,2026-05-04 17:46:38,1066,PUNO-CENTRAL,17:00-17:59,true,evening_peak,true,true,ninguno,desconocido,true,inicio_mes,false,cashout,critico,false,6,3,3,0,0,1,1,mixto
SNAP-00088,2026-05-04 17:57:00,1077,PUNO-CENTRAL,17:00-17:59,true,evening_peak,true,true,ninguno,desconocido,true,inicio_mes,false,cashout,critico,false,10,3,2,1,0,1,2,mixto
SNAP-00089,2026-05-04 18:07:14,1087,PUNO-CENTRAL,18:00-18:59,true,evening_peak,true,true,ninguno,desconocido,true,inicio_mes,false,cashout,critico,false,14,3,3,0,0,1,6,mixto
SNAP-00090,2026-05-04 18:07:34,1087,PUNO-CENTRAL,18:00-18:59,true,evening_peak,true,true,ninguno,desconocido,true,inicio_mes,false,cashout,critico,false,7,3,2,1,0,1,1,mixto
SNAP-00091,2026-05-04 18:07:20,1087,PUNO-CENTRAL,18:00-18:59,true,evening_peak,true,true,ninguno,desconocido,true,inicio_mes,false,cashout,critico,false,14,3,2,1,0,1,1,mixto
SNAP-00092,2026-05-04 18:07:43,1087,PUNO-CENTRAL,18:00-18:59,true,evening_peak,true,true,ninguno,desconocido,true,inicio_mes,false,cashout,alto,false,12,3,2,1,0,1,2,mixto
SNAP-00093,2026-05-04 18:07:44,1087,PUNO-CENTRAL,18:00-18:59,true,evening_peak,true,true,ninguno,desconocido,true,inicio_mes,false,cashout,critico,false,11,3,3,0,0,1,1,inferido
SNAP-00094,2026-05-04 18:21:02,1101,PUNO-CENTRAL,18:00-18:59,true,evening_peak,true,true,ninguno,desconocido,true,inicio_mes,false,cashout,alto,false,9,3,2,1,0,1,6,mixto
SNAP-00095,2026-05-04 18:32:43,1112,PUNO-CENTRAL,18:00-18:59,true,evening_peak,true,true,ninguno,desconocido,false,inicio_mes,false,none,alto,false,5,4,3,1,0,0,1,mixto
SNAP-00096,2026-05-04 18:43:47,1123,PUNO-CENTRAL,18:00-18:59,true,evening_peak,true,true,ninguno,desconocido,false,inicio_mes,false,none,normal,false,2,4,4,0,0,0,0,mixto
SNAP-00097,2026-05-04 18:47:27,1127,PUNO-CENTRAL,18:00-18:59,true,evening_peak,true,true,ninguno,desconocido,false,inicio_mes,false,none,normal,false,4,4,2,2,0,0,0,mixto
SNAP-00098,2026-05-04 18:48:00,1128,PUNO-CENTRAL,18:00-18:59,true,evening_peak,true,true,ninguno,desconocido,false,inicio_mes,false,none,alto,false,3,4,4,0,0,0,1,mixto
SNAP-00099,2026-05-04 18:48:02,1128,PUNO-CENTRAL,18:00-18:59,true,evening_peak,true,true,ninguno,desconocido,false,inicio_mes,false,none,normal,false,2,4,4,0,0,0,1,mixto
SNAP-00100,2026-05-04 19:00:25,1140,PUNO-CENTRAL,19:00-19:59,false,night_low,false,true,ninguno,desconocido,false,inicio_mes,false,none,normal,false,0,4,2,2,0,0,0,mixto
SNAP-00101,2026-05-04 19:13:48,1153,PUNO-CENTRAL,19:00-19:59,false,night_low,false,true,ninguno,desconocido,false,inicio_mes,false,none,normal,false,3,4,0,4,0,0,0,mixto
SNAP-00102,2026-05-04 19:32:06,1172,PUNO-CENTRAL,19:00-19:59,false,night_low,false,true,ninguno,desconocido,false,inicio_mes,false,none,normal,true,3,4,0,4,0,0,0,inferido
SNAP-00103,2026-05-04 19:46:23,1186,PUNO-CENTRAL,19:00-19:59,false,night_low,false,true,ninguno,desconocido,false,inicio_mes,false,none,normal,true,1,4,1,3,0,0,0,inferido
SNAP-00104,2026-05-04 20:08:07,1208,PUNO-CENTRAL,20:00-20:59,false,night_low,false,true,ninguno,desconocido,false,inicio_mes,false,none,normal,true,1,4,0,4,0,0,0,mixto
SNAP-00105,2026-05-04 20:19:40,1219,PUNO-CENTRAL,20:00-20:59,false,night_low,false,true,ninguno,desconocido,false,inicio_mes,false,none,normal,true,2,4,1,3,0,0,0,mixto
SNAP-00106,2026-05-04 20:42:49,1242,PUNO-CENTRAL,20:00-20:59,false,night_low,false,true,ninguno,desconocido,false,inicio_mes,false,none,moderado,true,2,4,1,3,0,0,0,mixto
SNAP-00107,2026-05-04 21:03:28,1263,PUNO-CENTRAL,21:00-21:59,false,night_low,false,true,ninguno,desconocido,false,inicio_mes,false,none,moderado,true,3,4,2,2,0,0,0,mixto
SNAP-00108,2026-05-04 21:15:20,1275,PUNO-CENTRAL,21:00-21:59,false,night_low,false,true,ninguno,desconocido,false,inicio_mes,false,none,normal,true,2,4,2,2,0,0,0,mixto
SNAP-00109,2026-05-04 21:42:27,1302,PUNO-CENTRAL,21:00-21:59,false,night_low,false,true,ninguno,desconocido,false,inicio_mes,false,none,normal,true,2,4,0,4,0,0,0,mixto
SNAP-00001,2026-05-05 08:02:12,482,PUNO-CENTRAL,08:00-08:59,false,morning_transition,false,true,ninguno,desconocido,false,inicio_mes,false,none,normal,false,2,4,2,2,0,0,0,mixto
SNAP-00002,2026-05-05 08:13:55,493,PUNO-CENTRAL,08:00-08:59,false,morning_transition,false,true,ninguno,desconocido,false,inicio_mes,false,none,normal,false,3,4,0,4,0,0,0,mixto
SNAP-00003,2026-05-05 08:26:09,506,PUNO-CENTRAL,08:00-08:59,false,morning_transition,false,true,ninguno,desconocido,false,inicio_mes,false,none,normal,false,2,4,2,2,0,0,0,mixto
SNAP-00004,2026-05-05 08:36:18,516,PUNO-CENTRAL,08:00-08:59,false,morning_transition,false,true,ninguno,desconocido,false,inicio_mes,false,none,normal,false,0,4,2,2,0,0,0,mixto
SNAP-00005,2026-05-05 08:48:11,528,PUNO-CENTRAL,08:00-08:59,false,morning_transition,false,true,ninguno,desconocido,false,inicio_mes,false,none,normal,false,1,4,2,2,0,0,0,mixto
SNAP-00006,2026-05-05 09:01:10,541,PUNO-CENTRAL,09:00-09:59,false,morning_transition,false,true,ninguno,desconocido,false,inicio_mes,false,none,normal,false,3,4,0,4,0,0,0,mixto
SNAP-00007,2026-05-05 09:12:10,552,PUNO-CENTRAL,09:00-09:59,false,morning_transition,false,true,ninguno,desconocido,false,inicio_mes,false,none,normal,false,1,4,2,2,0,0,0,inferido
SNAP-00008,2026-05-05 09:23:14,563,PUNO-CENTRAL,09:00-09:59,false,morning_transition,false,true,ninguno,desconocido,false,inicio_mes,false,none,moderado,false,0,4,1,3,0,0,0,mixto
SNAP-00009,2026-05-05 09:36:15,576,PUNO-CENTRAL,09:00-09:59,false,morning_transition,false,true,ninguno,desconocido,false,inicio_mes,false,none,moderado,false,2,4,1,3,0,0,0,inferido
SNAP-00010,2026-05-05 09:37:11,577,PUNO-CENTRAL,09:00-09:59,false,morning_transition,false,true,ninguno,desconocido,false,inicio_mes,false,none,moderado,false,2,4,0,4,0,0,0,mixto
SNAP-00011,2026-05-05 09:47:47,587,PUNO-CENTRAL,09:00-09:59,false,morning_transition,false,true,ninguno,desconocido,true,inicio_mes,false,cashout,alto,false,8,2,2,0,0,2,3,mixto
SNAP-00012,2026-05-05 09:58:08,598,PUNO-CENTRAL,09:00-09:59,false,morning_transition,false,true,ninguno,desconocido,true,inicio_mes,false,cashout,alto,false,8,2,2,0,0,2,2,mixto
SNAP-00013,2026-05-05 10:03:19,603,PUNO-CENTRAL,10:00-10:59,false,morning_transition,false,true,ninguno,desconocido,true,inicio_mes,false,cashout,alto,false,4,2,1,1,0,2,3,mixto
SNAP-00014,2026-05-05 10:03:06,603,PUNO-CENTRAL,10:00-10:59,false,morning_transition,false,true,ninguno,desconocido,true,inicio_mes,false,cashout,alto,false,8,2,2,0,0,2,1,mixto
SNAP-00015,2026-05-05 10:03:15,603,PUNO-CENTRAL,10:00-10:59,false,morning_transition,false,true,ninguno,desconocido,true,inicio_mes,false,cashout,moderado,false,6,2,2,0,0,2,4,mixto
SNAP-00016,2026-05-05 10:04:11,604,PUNO-CENTRAL,10:00-10:59,false,morning_transition,false,true,ninguno,desconocido,true,inicio_mes,false,cashout,alto,false,5,2,2,0,0,2,1,mixto
SNAP-00017,2026-05-05 10:04:16,604,PUNO-CENTRAL,10:00-10:59,false,morning_transition,false,true,ninguno,desconocido,true,inicio_mes,false,cashout,alto,false,6,2,2,0,0,2,3,mixto
SNAP-00018,2026-05-05 10:05:17,605,PUNO-CENTRAL,10:00-10:59,false,morning_transition,false,true,ninguno,desconocido,true,inicio_mes,false,cashout,alto,false,7,2,1,1,0,2,3,mixto
SNAP-00019,2026-05-05 10:05:23,605,PUNO-CENTRAL,10:00-10:59,false,morning_transition,false,true,ninguno,desconocido,true,inicio_mes,false,cashout,alto,false,8,2,1,1,0,2,0,mixto
SNAP-00020,2026-05-05 10:17:53,617,PUNO-CENTRAL,10:00-10:59,false,morning_transition,false,true,ninguno,desconocido,true,inicio_mes,false,cashout,alto,false,3,2,2,0,0,2,1,mixto
SNAP-00021,2026-05-05 10:24:44,624,PUNO-CENTRAL,10:00-10:59,false,morning_transition,false,true,ninguno,desconocido,true,inicio_mes,false,cashout,moderado,false,4,2,2,0,0,2,1,mixto
SNAP-00022,2026-05-05 10:24:44,624,PUNO-CENTRAL,10:00-10:59,false,morning_transition,false,true,ninguno,desconocido,true,inicio_mes,false,cashout,alto,false,3,2,1,1,0,2,1,inferido
SNAP-00023,2026-05-05 10:25:19,625,PUNO-CENTRAL,10:00-10:59,false,morning_transition,false,true,ninguno,desconocido,true,inicio_mes,false,cashout,alto,false,6,2,1,1,0,2,3,mixto
SNAP-00024,2026-05-05 10:25:23,625,PUNO-CENTRAL,10:00-10:59,false,morning_transition,false,true,ninguno,desconocido,true,inicio_mes,false,cashout,alto,false,8,2,1,1,0,2,3,mixto
SNAP-00025,2026-05-05 10:35:48,635,PUNO-CENTRAL,10:00-10:59,true,midday_peak,true,true,ninguno,desconocido,false,inicio_mes,false,none,alto,false,2,4,3,1,0,0,0,inferido
SNAP-00026,2026-05-05 10:37:46,637,PUNO-CENTRAL,10:00-10:59,true,midday_peak,true,true,ninguno,desconocido,false,inicio_mes,false,none,moderado,false,1,4,4,0,0,0,0,inferido
SNAP-00027,2026-05-05 10:49:28,649,PUNO-CENTRAL,10:00-10:59,true,midday_peak,true,true,ninguno,desconocido,false,inicio_mes,false,none,alto,false,2,4,2,2,0,0,2,mixto
SNAP-00028,2026-05-05 10:51:44,651,PUNO-CENTRAL,10:00-10:59,true,midday_peak,true,true,ninguno,desconocido,false,inicio_mes,false,none,normal,false,1,4,3,1,0,0,2,mixto
SNAP-00029,2026-05-05 10:52:00,652,PUNO-CENTRAL,10:00-10:59,true,midday_peak,true,true,ninguno,desconocido,false,inicio_mes,false,none,moderado,false,4,4,2,2,0,0,0,mixto
SNAP-00030,2026-05-05 10:52:08,652,PUNO-CENTRAL,10:00-10:59,true,midday_peak,true,true,ninguno,desconocido,false,inicio_mes,false,none,alto,false,5,4,4,0,0,0,2,mixto
SNAP-00031,2026-05-05 10:52:30,652,PUNO-CENTRAL,10:00-10:59,true,midday_peak,true,true,ninguno,desconocido,false,inicio_mes,false,none,alto,false,4,4,3,1,0,0,2,mixto
SNAP-00032,2026-05-05 11:02:36,662,PUNO-CENTRAL,11:00-11:59,true,midday_peak,true,true,ninguno,desconocido,false,inicio_mes,false,none,moderado,false,4,4,4,0,0,0,2,mixto
SNAP-00033,2026-05-05 11:03:16,663,PUNO-CENTRAL,11:00-11:59,true,midday_peak,true,true,ninguno,desconocido,false,inicio_mes,false,none,moderado,false,6,4,2,2,0,0,1,mixto
SNAP-00034,2026-05-05 11:04:27,664,PUNO-CENTRAL,11:00-11:59,true,midday_peak,true,true,ninguno,desconocido,false,inicio_mes,false,none,moderado,false,2,4,3,1,0,0,2,mixto
SNAP-00035,2026-05-05 11:05:19,665,PUNO-CENTRAL,11:00-11:59,true,midday_peak,true,true,ninguno,desconocido,false,inicio_mes,false,none,normal,false,4,4,4,0,0,0,2,mixto
SNAP-00036,2026-05-05 11:16:22,676,PUNO-CENTRAL,11:00-11:59,true,midday_peak,true,true,ninguno,desconocido,false,inicio_mes,false,none,alto,false,4,4,3,1,0,0,0,mixto
SNAP-00037,2026-05-05 11:17:54,677,PUNO-CENTRAL,11:00-11:59,true,midday_peak,true,true,ninguno,desconocido,false,inicio_mes,false,none,moderado,false,2,4,3,1,0,0,1,mixto
SNAP-00038,2026-05-05 11:23:20,683,PUNO-CENTRAL,11:00-11:59,true,midday_peak,true,true,ninguno,desconocido,false,inicio_mes,false,none,normal,false,5,4,3,1,0,0,0,mixto
SNAP-00039,2026-05-05 11:23:39,683,PUNO-CENTRAL,11:00-11:59,true,midday_peak,true,true,ninguno,desconocido,false,inicio_mes,false,none,alto,false,2,4,2,2,0,0,1,mixto
SNAP-00040,2026-05-05 11:23:44,683,PUNO-CENTRAL,11:00-11:59,true,midday_peak,true,true,ninguno,desconocido,false,inicio_mes,false,none,normal,false,6,4,2,2,0,0,0,mixto
SNAP-00041,2026-05-05 11:24:00,684,PUNO-CENTRAL,11:00-11:59,true,midday_peak,true,true,ninguno,desconocido,false,inicio_mes,false,none,alto,false,4,4,3,1,0,0,1,mixto
SNAP-00042,2026-05-05 11:24:29,684,PUNO-CENTRAL,11:00-11:59,true,midday_peak,true,true,ninguno,desconocido,false,inicio_mes,false,none,normal,false,4,4,3,1,0,0,0,mixto
SNAP-00043,2026-05-05 11:24:45,684,PUNO-CENTRAL,11:00-11:59,true,midday_peak,true,true,ninguno,desconocido,false,inicio_mes,false,none,alto,false,4,4,3,1,0,0,2,inferido
SNAP-00044,2026-05-05 11:24:53,684,PUNO-CENTRAL,11:00-11:59,true,midday_peak,true,true,ninguno,desconocido,false,inicio_mes,false,none,moderado,false,5,4,2,2,0,0,1,mixto
SNAP-00045,2026-05-05 11:24:36,684,PUNO-CENTRAL,11:00-11:59,true,midday_peak,true,true,ninguno,desconocido,false,inicio_mes,false,none,moderado,false,3,4,2,2,0,0,1,mixto
SNAP-00046,2026-05-05 11:26:35,686,PUNO-CENTRAL,11:00-11:59,true,midday_peak,true,true,ninguno,desconocido,false,inicio_mes,false,none,alto,false,5,4,3,1,0,0,2,mixto
SNAP-00047,2026-05-05 11:37:01,697,PUNO-CENTRAL,11:00-11:59,true,midday_peak,true,true,ninguno,desconocido,false,inicio_mes,false,none,moderado,false,5,4,4,0,0,0,0,mixto
SNAP-00048,2026-05-05 11:42:43,702,PUNO-CENTRAL,11:00-11:59,true,midday_peak,true,true,ninguno,desconocido,false,inicio_mes,false,none,moderado,false,3,4,2,2,0,0,1,mixto
SNAP-00049,2026-05-05 11:43:13,703,PUNO-CENTRAL,11:00-11:59,true,midday_peak,true,true,ninguno,desconocido,false,inicio_mes,false,none,alto,false,4,4,2,2,0,0,1,mixto
SNAP-00050,2026-05-05 11:43:44,703,PUNO-CENTRAL,11:00-11:59,true,midday_peak,true,true,ninguno,desconocido,false,inicio_mes,false,none,normal,false,4,4,4,0,0,0,2,mixto
SNAP-00051,2026-05-05 11:44:03,704,PUNO-CENTRAL,11:00-11:59,true,midday_peak,true,true,ninguno,desconocido,false,inicio_mes,false,none,alto,false,2,4,3,1,0,0,2,mixto
SNAP-00052,2026-05-05 11:48:08,708,PUNO-CENTRAL,11:00-11:59,true,midday_peak,true,true,ninguno,desconocido,false,inicio_mes,false,none,alto,false,4,4,2,2,0,0,2,inferido
SNAP-00053,2026-05-05 11:48:00,708,PUNO-CENTRAL,11:00-11:59,true,midday_peak,true,true,ninguno,desconocido,false,inicio_mes,false,none,alto,false,1,4,4,0,0,0,0,mixto
SNAP-00054,2026-05-05 11:48:31,708,PUNO-CENTRAL,11:00-11:59,true,midday_peak,true,true,ninguno,desconocido,false,inicio_mes,false,none,normal,false,2,4,3,1,0,0,1,mixto
SNAP-00055,2026-05-05 11:49:04,709,PUNO-CENTRAL,11:00-11:59,true,midday_peak,true,true,ninguno,desconocido,false,inicio_mes,false,none,moderado,false,3,4,2,2,0,0,1,mixto
SNAP-00056,2026-05-05 12:00:09,720,PUNO-CENTRAL,12:00-12:59,true,midday_peak,true,true,pension_65,atm_agente,false,inicio_mes,true,none,moderado,false,4,4,2,2,0,0,1,mixto
SNAP-00057,2026-05-05 12:02:11,722,PUNO-CENTRAL,12:00-12:59,true,midday_peak,true,true,pension_65,atm_agente,false,inicio_mes,true,none,moderado,false,3,4,3,1,0,0,1,mixto
SNAP-00058,2026-05-05 12:06:05,726,PUNO-CENTRAL,12:00-12:59,true,midday_peak,true,true,pension_65,atm_agente,false,inicio_mes,true,none,alto,false,4,4,2,2,0,0,0,mixto
SNAP-00059,2026-05-05 12:17:29,737,PUNO-CENTRAL,12:00-12:59,true,midday_peak,true,true,pension_65,atm_agente,false,inicio_mes,true,none,moderado,false,1,4,4,0,0,0,1,inferido
SNAP-00060,2026-05-05 12:27:39,747,PUNO-CENTRAL,12:00-12:59,true,midday_peak,true,true,pension_65,atm_agente,false,inicio_mes,true,none,moderado,false,1,4,4,0,0,0,2,mixto
SNAP-00061,2026-05-05 12:27:56,747,PUNO-CENTRAL,12:00-12:59,true,midday_peak,true,true,pension_65,atm_agente,false,inicio_mes,true,none,moderado,false,2,4,2,2,0,0,0,inferido
SNAP-00062,2026-05-05 12:28:14,748,PUNO-CENTRAL,12:00-12:59,true,midday_peak,true,true,ninguno,desconocido,false,inicio_mes,false,none,normal,false,2,4,4,0,0,0,0,mixto
SNAP-00063,2026-05-05 12:28:47,748,PUNO-CENTRAL,12:00-12:59,true,midday_peak,true,true,ninguno,desconocido,false,inicio_mes,false,none,alto,false,6,4,3,1,0,0,0,mixto
SNAP-00064,2026-05-05 12:29:17,749,PUNO-CENTRAL,12:00-12:59,true,midday_peak,true,true,ninguno,desconocido,false,inicio_mes,false,none,moderado,false,4,4,2,2,0,0,2,mixto
SNAP-00065,2026-05-05 12:29:54,749,PUNO-CENTRAL,12:00-12:59,true,midday_peak,true,true,ninguno,desconocido,false,inicio_mes,false,none,alto,false,2,4,3,1,0,0,2,mixto
SNAP-00066,2026-05-05 12:30:05,750,PUNO-CENTRAL,12:00-12:59,true,midday_peak,true,true,ninguno,desconocido,false,inicio_mes,false,none,normal,false,6,4,4,0,0,0,0,mixto
SNAP-00067,2026-05-05 12:30:42,750,PUNO-CENTRAL,12:00-12:59,true,midday_peak,true,true,ninguno,desconocido,false,inicio_mes,false,none,normal,false,1,4,3,1,0,0,2,mixto
SNAP-00068,2026-05-05 12:35:08,755,PUNO-CENTRAL,12:00-12:59,true,midday_peak,true,true,ninguno,desconocido,false,inicio_mes,false,none,moderado,false,5,4,3,1,0,0,2,mixto
SNAP-00069,2026-05-05 12:35:10,755,PUNO-CENTRAL,12:00-12:59,true,midday_peak,true,true,ninguno,desconocido,false,inicio_mes,false,none,normal,false,6,4,3,1,0,0,0,mixto
SNAP-00070,2026-05-05 12:35:18,755,PUNO-CENTRAL,12:00-12:59,true,midday_peak,true,true,ninguno,desconocido,false,inicio_mes,false,none,normal,false,6,4,4,0,0,0,2,mixto
SNAP-00071,2026-05-05 12:35:21,755,PUNO-CENTRAL,12:00-12:59,true,midday_peak,true,true,ninguno,desconocido,false,inicio_mes,false,none,alto,false,6,4,2,2,0,0,1,mixto
SNAP-00072,2026-05-05 12:35:45,755,PUNO-CENTRAL,12:00-12:59,true,midday_peak,true,true,ninguno,desconocido,false,inicio_mes,false,none,normal,false,1,4,4,0,0,0,2,inferido
SNAP-00073,2026-05-05 12:35:24,755,PUNO-CENTRAL,12:00-12:59,true,midday_peak,true,true,ninguno,desconocido,false,inicio_mes,false,none,alto,false,5,4,3,1,0,0,1,mixto
SNAP-00074,2026-05-05 12:35:48,755,PUNO-CENTRAL,12:00-12:59,true,midday_peak,true,true,ninguno,desconocido,false,inicio_mes,false,none,alto,false,1,4,3,1,0,0,2,mixto
SNAP-00075,2026-05-05 12:35:52,755,PUNO-CENTRAL,12:00-12:59,true,midday_peak,true,true,ninguno,desconocido,false,inicio_mes,false,none,moderado,false,1,4,3,1,0,0,1,mixto
SNAP-00076,2026-05-05 12:36:20,756,PUNO-CENTRAL,12:00-12:59,true,midday_peak,true,true,ninguno,desconocido,false,inicio_mes,false,none,alto,false,4,4,2,2,0,0,1,mixto
SNAP-00077,2026-05-05 12:36:28,756,PUNO-CENTRAL,12:00-12:59,true,midday_peak,true,true,ninguno,desconocido,false,inicio_mes,false,none,moderado,false,6,4,3,1,0,0,0,mixto
SNAP-00078,2026-05-05 12:36:42,756,PUNO-CENTRAL,12:00-12:59,true,midday_peak,true,true,ninguno,desconocido,false,inicio_mes,false,none,alto,false,6,4,2,2,0,0,2,mixto
SNAP-00079,2026-05-05 12:37:46,757,PUNO-CENTRAL,12:00-12:59,true,midday_peak,true,true,ninguno,desconocido,false,inicio_mes,false,none,moderado,false,5,4,3,1,0,0,2,mixto
SNAP-00080,2026-05-05 12:37:57,757,PUNO-CENTRAL,12:00-12:59,true,midday_peak,true,true,ninguno,desconocido,false,inicio_mes,false,none,alto,false,4,4,3,1,0,0,2,mixto
SNAP-00081,2026-05-05 12:39:41,759,PUNO-CENTRAL,12:00-12:59,true,midday_peak,true,true,ninguno,desconocido,false,inicio_mes,false,none,normal,false,3,4,3,1,0,0,0,mixto
SNAP-00082,2026-05-05 12:39:48,759,PUNO-CENTRAL,12:00-12:59,true,midday_peak,true,true,ninguno,desconocido,false,inicio_mes,false,none,moderado,false,4,4,3,1,0,0,0,mixto
SNAP-00083,2026-05-05 12:40:05,760,PUNO-CENTRAL,12:00-12:59,true,midday_peak,true,true,ninguno,desconocido,false,inicio_mes,false,none,moderado,false,5,4,4,0,0,0,2,mixto
SNAP-00084,2026-05-05 12:40:33,760,PUNO-CENTRAL,12:00-12:59,true,midday_peak,true,true,ninguno,desconocido,false,inicio_mes,false,none,moderado,false,1,4,3,1,0,0,1,mixto
SNAP-00085,2026-05-05 12:45:02,765,PUNO-CENTRAL,12:00-12:59,true,midday_peak,true,true,ninguno,desconocido,false,inicio_mes,false,none,moderado,false,4,4,2,2,0,0,0,mixto
SNAP-00086,2026-05-05 12:48:56,768,PUNO-CENTRAL,12:00-12:59,true,midday_peak,true,true,ninguno,desconocido,false,inicio_mes,false,none,alto,false,3,4,3,1,0,0,1,mixto
SNAP-00087,2026-05-05 12:49:11,769,PUNO-CENTRAL,12:00-12:59,true,midday_peak,true,true,ninguno,desconocido,false,inicio_mes,false,none,normal,false,3,4,4,0,0,0,2,mixto
SNAP-00088,2026-05-05 12:49:25,769,PUNO-CENTRAL,12:00-12:59,true,midday_peak,true,true,ninguno,desconocido,false,inicio_mes,false,none,normal,false,2,4,4,0,0,0,0,mixto
SNAP-00089,2026-05-05 12:49:39,769,PUNO-CENTRAL,12:00-12:59,true,midday_peak,true,true,ninguno,desconocido,false,inicio_mes,false,none,alto,false,4,4,4,0,0,0,1,mixto
SNAP-00090,2026-05-05 12:50:48,770,PUNO-CENTRAL,12:00-12:59,true,midday_peak,true,true,ninguno,desconocido,false,inicio_mes,false,none,alto,false,6,4,2,2,0,0,1,mixto
SNAP-00091,2026-05-05 12:50:59,770,PUNO-CENTRAL,12:00-12:59,true,midday_peak,true,true,ninguno,desconocido,false,inicio_mes,false,none,normal,false,4,4,4,0,0,0,1,mixto
SNAP-00092,2026-05-05 12:51:18,771,PUNO-CENTRAL,12:00-12:59,true,midday_peak,true,true,ninguno,desconocido,false,inicio_mes,false,none,moderado,false,3,4,2,2,0,0,0,mixto
SNAP-00093,2026-05-05 12:59:52,779,PUNO-CENTRAL,12:00-12:59,true,midday_peak,true,true,ninguno,desconocido,false,inicio_mes,false,none,alto,false,2,4,4,0,0,0,1,mixto
SNAP-00094,2026-05-05 13:00:11,780,PUNO-CENTRAL,13:00-13:59,true,midday_peak,true,true,ninguno,desconocido,false,inicio_mes,false,none,alto,false,3,4,4,0,0,0,1,inferido
SNAP-00095,2026-05-05 13:00:09,780,PUNO-CENTRAL,13:00-13:59,true,midday_peak,true,true,ninguno,desconocido,false,inicio_mes,false,none,alto,false,3,4,4,0,0,0,1,inferido
SNAP-00096,2026-05-05 13:04:06,784,PUNO-CENTRAL,13:00-13:59,true,midday_peak,true,true,ninguno,desconocido,false,inicio_mes,false,none,alto,false,3,4,4,0,0,0,1,mixto
SNAP-00097,2026-05-05 13:04:42,784,PUNO-CENTRAL,13:00-13:59,true,midday_peak,true,true,ninguno,desconocido,false,inicio_mes,false,none,moderado,false,3,4,3,1,0,0,1,mixto
SNAP-00098,2026-05-05 13:04:56,784,PUNO-CENTRAL,13:00-13:59,true,midday_peak,true,true,ninguno,desconocido,false,inicio_mes,false,none,normal,false,1,4,2,2,0,0,2,mixto
SNAP-00099,2026-05-05 13:05:29,785,PUNO-CENTRAL,13:00-13:59,true,midday_peak,true,true,ninguno,desconocido,false,inicio_mes,false,none,alto,false,1,4,3,1,0,0,2,inferido
SNAP-00100,2026-05-05 13:07:25,787,PUNO-CENTRAL,13:00-13:59,true,midday_peak,true,true,ninguno,desconocido,false,inicio_mes,false,none,normal,false,2,4,4,0,0,0,0,mixto
SNAP-00101,2026-05-05 13:07:58,787,PUNO-CENTRAL,13:00-13:59,true,midday_peak,true,true,ninguno,desconocido,false,inicio_mes,false,none,alto,false,4,4,4,0,0,0,1,mixto
SNAP-00102,2026-05-05 13:08:41,788,PUNO-CENTRAL,13:00-13:59,true,midday_peak,true,true,ninguno,desconocido,false,inicio_mes,false,none,moderado,false,5,4,4,0,0,0,2,mixto
SNAP-00103,2026-05-05 13:09:03,789,PUNO-CENTRAL,13:00-13:59,true,midday_peak,true,true,ninguno,desconocido,false,inicio_mes,false,none,normal,false,2,4,2,2,0,0,1,mixto
SNAP-00104,2026-05-05 13:08:58,788,PUNO-CENTRAL,13:00-13:59,true,midday_peak,true,true,ninguno,desconocido,false,inicio_mes,false,none,normal,false,2,4,3,1,0,0,1,mixto
SNAP-00105,2026-05-05 13:09:47,789,PUNO-CENTRAL,13:00-13:59,true,midday_peak,true,true,ninguno,desconocido,false,inicio_mes,false,none,moderado,false,5,4,4,0,0,0,0,mixto
SNAP-00106,2026-05-05 13:14:50,794,PUNO-CENTRAL,13:00-13:59,true,midday_peak,true,true,ninguno,desconocido,false,inicio_mes,false,none,moderado,false,1,4,2,2,0,0,2,inferido
SNAP-00107,2026-05-05 13:15:52,795,PUNO-CENTRAL,13:00-13:59,true,midday_peak,true,true,ninguno,desconocido,false,inicio_mes,false,none,moderado,false,2,4,4,0,0,0,2,mixto
SNAP-00108,2026-05-05 13:15:49,795,PUNO-CENTRAL,13:00-13:59,true,midday_peak,true,true,ninguno,desconocido,false,inicio_mes,false,none,moderado,false,1,4,2,2,0,0,2,mixto
SNAP-00109,2026-05-05 13:16:17,796,PUNO-CENTRAL,13:00-13:59,true,midday_peak,true,true,ninguno,desconocido,false,inicio_mes,false,none,moderado,false,4,4,3,1,0,0,1,mixto
SNAP-00110,2026-05-05 13:16:40,796,PUNO-CENTRAL,13:00-13:59,true,midday_peak,true,true,ninguno,desconocido,false,inicio_mes,false,none,moderado,false,1,4,2,2,0,0,1,mixto
SNAP-00111,2026-05-05 13:16:51,796,PUNO-CENTRAL,13:00-13:59,true,midday_peak,true,true,ninguno,desconocido,false,inicio_mes,false,none,moderado,false,1,4,2,2,0,0,1,mixto
SNAP-00112,2026-05-05 13:17:14,797,PUNO-CENTRAL,13:00-13:59,true,midday_peak,true,true,ninguno,desconocido,false,inicio_mes,false,none,alto,false,5,4,2,2,0,0,2,mixto
SNAP-00113,2026-05-05 13:18:52,798,PUNO-CENTRAL,13:00-13:59,true,midday_peak,true,true,ninguno,desconocido,false,inicio_mes,false,none,alto,false,2,4,2,2,0,0,0,mixto
SNAP-00114,2026-05-05 13:29:54,809,PUNO-CENTRAL,13:00-13:59,true,midday_peak,true,true,ninguno,desconocido,false,inicio_mes,false,none,normal,false,1,4,3,1,0,0,0,inferido
SNAP-00115,2026-05-05 13:41:09,821,PUNO-CENTRAL,13:00-13:59,true,midday_peak,true,true,ninguno,desconocido,false,inicio_mes,false,none,alto,false,4,4,4,0,0,0,2,mixto
SNAP-00116,2026-05-05 13:51:13,831,PUNO-CENTRAL,13:00-13:59,true,midday_peak,true,true,ninguno,desconocido,true,inicio_mes,false,maintenance,critico,false,14,3,2,1,0,0,4,mixto
SNAP-00117,2026-05-05 14:01:15,841,PUNO-CENTRAL,14:00-14:59,true,afternoon_peak,true,true,ninguno,desconocido,true,inicio_mes,false,maintenance,critico,false,10,3,3,0,0,0,5,mixto
SNAP-00118,2026-05-05 14:12:31,852,PUNO-CENTRAL,14:00-14:59,true,afternoon_peak,true,true,ninguno,desconocido,true,inicio_mes,false,maintenance,critico,false,6,3,3,0,0,0,5,mixto
SNAP-00119,2026-05-05 14:27:25,867,PUNO-CENTRAL,14:00-14:59,true,afternoon_peak,true,true,ninguno,desconocido,true,inicio_mes,false,maintenance,alto,false,9,3,2,1,0,0,6,mixto
SNAP-00120,2026-05-05 14:38:51,878,PUNO-CENTRAL,14:00-14:59,true,afternoon_peak,true,true,ninguno,desconocido,true,inicio_mes,false,maintenance,alto,false,7,3,3,0,0,0,2,mixto
SNAP-00121,2026-05-05 14:50:57,890,PUNO-CENTRAL,14:00-14:59,true,afternoon_peak,true,true,ninguno,desconocido,true,inicio_mes,false,maintenance,alto,false,14,3,2,1,0,0,1,inferido
SNAP-00122,2026-05-05 15:01:34,901,PUNO-CENTRAL,15:00-15:59,true,afternoon_peak,true,true,ninguno,desconocido,true,inicio_mes,false,maintenance,critico,false,12,3,2,1,0,0,4,mixto
SNAP-00123,2026-05-05 15:12:34,912,PUNO-CENTRAL,15:00-15:59,true,afternoon_peak,true,true,ninguno,desconocido,false,inicio_mes,false,none,normal,false,4,4,4,0,0,0,1,inferido
SNAP-00124,2026-05-05 15:23:14,923,PUNO-CENTRAL,15:00-15:59,true,afternoon_peak,true,true,ninguno,desconocido,false,inicio_mes,false,none,moderado,false,3,4,2,2,0,0,2,mixto
SNAP-00125,2026-05-05 15:24:35,924,PUNO-CENTRAL,15:00-15:59,true,afternoon_peak,true,true,ninguno,desconocido,false,inicio_mes,false,none,alto,false,4,4,4,0,0,0,0,mixto
SNAP-00126,2026-05-05 15:24:33,924,PUNO-CENTRAL,15:00-15:59,true,afternoon_peak,true,true,ninguno,desconocido,false,inicio_mes,false,none,alto,false,3,4,2,2,0,0,2,mixto
SNAP-00127,2026-05-05 15:35:40,935,PUNO-CENTRAL,15:00-15:59,true,afternoon_peak,true,true,ninguno,desconocido,false,inicio_mes,false,none,normal,false,2,4,4,0,0,0,1,mixto
SNAP-00128,2026-05-05 15:51:08,951,PUNO-CENTRAL,15:00-15:59,true,afternoon_peak,true,true,ninguno,desconocido,true,inicio_mes,false,cashout,alto,false,8,3,2,1,0,1,3,inferido
SNAP-00129,2026-05-05 16:01:59,961,PUNO-CENTRAL,16:00-16:59,false,night_low,false,true,ninguno,desconocido,true,inicio_mes,false,cashout,alto,false,3,3,2,1,0,1,1,mixto
SNAP-00130,2026-05-05 16:07:06,967,PUNO-CENTRAL,16:00-16:59,false,night_low,false,true,ninguno,desconocido,true,inicio_mes,false,cashout,alto,false,6,3,3,0,0,1,0,mixto
SNAP-00131,2026-05-05 16:07:54,967,PUNO-CENTRAL,16:00-16:59,false,night_low,false,true,ninguno,desconocido,true,inicio_mes,false,cashout,alto,false,8,3,3,0,0,1,3,mixto
SNAP-00132,2026-05-05 16:18:15,978,PUNO-CENTRAL,16:00-16:59,false,night_low,false,true,ninguno,desconocido,true,inicio_mes,false,cashout,alto,false,6,3,3,0,0,1,0,mixto
SNAP-00133,2026-05-05 16:28:56,988,PUNO-CENTRAL,16:00-16:59,false,night_low,false,true,ninguno,desconocido,true,inicio_mes,false,cashout,alto,false,6,3,2,1,0,1,2,mixto
SNAP-00134,2026-05-05 16:41:50,1001,PUNO-CENTRAL,16:00-16:59,false,night_low,false,true,ninguno,desconocido,false,inicio_mes,false,none,normal,false,0,4,1,3,0,0,0,mixto
SNAP-00135,2026-05-05 16:56:34,1016,PUNO-CENTRAL,16:00-16:59,false,night_low,false,true,ninguno,desconocido,false,inicio_mes,false,none,moderado,false,0,4,0,4,0,0,0,mixto
SNAP-00136,2026-05-05 17:06:34,1026,PUNO-CENTRAL,17:00-17:59,true,evening_peak,true,true,ninguno,desconocido,false,inicio_mes,false,none,normal,false,5,4,3,1,0,0,0,mixto
SNAP-00137,2026-05-05 17:16:43,1036,PUNO-CENTRAL,17:00-17:59,true,evening_peak,true,true,ninguno,desconocido,false,inicio_mes,false,none,moderado,false,5,4,3,1,0,0,2,mixto
SNAP-00138,2026-05-05 17:29:33,1049,PUNO-CENTRAL,17:00-17:59,true,evening_peak,true,true,ninguno,desconocido,true,inicio_mes,false,network_issue,critico,false,8,2,2,0,0,0,5,mixto
SNAP-00139,2026-05-05 17:40:18,1060,PUNO-CENTRAL,17:00-17:59,true,evening_peak,true,true,ninguno,desconocido,true,inicio_mes,false,network_issue,critico,false,7,2,2,0,0,0,4,mixto
SNAP-00140,2026-05-05 17:53:40,1073,PUNO-CENTRAL,17:00-17:59,true,evening_peak,true,true,ninguno,desconocido,true,inicio_mes,false,network_issue,critico,false,11,2,2,0,0,0,3,mixto
SNAP-00141,2026-05-05 18:04:02,1084,PUNO-CENTRAL,18:00-18:59,true,evening_peak,true,true,ninguno,desconocido,false,inicio_mes,false,none,moderado,false,2,4,2,2,0,0,1,mixto
SNAP-00142,2026-05-05 18:12:37,1092,PUNO-CENTRAL,18:00-18:59,true,evening_peak,true,true,ninguno,desconocido,false,inicio_mes,false,none,alto,false,4,4,4,0,0,0,1,mixto
SNAP-00143,2026-05-05 18:17:24,1097,PUNO-CENTRAL,18:00-18:59,true,evening_peak,true,true,ninguno,desconocido,false,inicio_mes,false,none,moderado,false,5,4,3,1,0,0,0,mixto
SNAP-00144,2026-05-05 18:28:19,1108,PUNO-CENTRAL,18:00-18:59,true,evening_peak,true,true,ninguno,desconocido,false,inicio_mes,false,none,moderado,false,3,4,2,2,0,0,1,inferido
SNAP-00145,2026-05-05 18:28:20,1108,PUNO-CENTRAL,18:00-18:59,true,evening_peak,true,true,ninguno,desconocido,false,inicio_mes,false,none,normal,false,4,4,2,2,0,0,2,mixto
SNAP-00146,2026-05-05 18:28:38,1108,PUNO-CENTRAL,18:00-18:59,true,evening_peak,true,true,ninguno,desconocido,false,inicio_mes,false,none,moderado,false,5,4,4,0,0,0,1,mixto
SNAP-00147,2026-05-05 18:28:43,1108,PUNO-CENTRAL,18:00-18:59,true,evening_peak,true,true,ninguno,desconocido,false,inicio_mes,false,none,moderado,false,2,4,2,2,0,0,2,inferido
SNAP-00148,2026-05-05 18:29:17,1109,PUNO-CENTRAL,18:00-18:59,true,evening_peak,true,true,ninguno,desconocido,false,inicio_mes,false,none,moderado,false,4,4,4,0,0,0,2,mixto
SNAP-00149,2026-05-05 18:29:24,1109,PUNO-CENTRAL,18:00-18:59,true,evening_peak,true,true,ninguno,desconocido,false,inicio_mes,false,none,alto,false,2,4,2,2,0,0,1,inferido
SNAP-00150,2026-05-05 18:29:22,1109,PUNO-CENTRAL,18:00-18:59,true,evening_peak,true,true,ninguno,desconocido,false,inicio_mes,false,none,alto,false,3,4,2,2,0,0,1,inferido
SNAP-00151,2026-05-05 18:29:55,1109,PUNO-CENTRAL,18:00-18:59,true,evening_peak,true,true,ninguno,desconocido,false,inicio_mes,false,none,alto,false,1,4,3,1,0,0,0,mixto
SNAP-00152,2026-05-05 18:31:05,1111,PUNO-CENTRAL,18:00-18:59,true,evening_peak,true,true,ninguno,desconocido,false,inicio_mes,false,none,normal,false,2,4,4,0,0,0,2,mixto
SNAP-00153,2026-05-05 18:31:30,1111,PUNO-CENTRAL,18:00-18:59,true,evening_peak,true,true,ninguno,desconocido,false,inicio_mes,false,none,alto,false,5,4,3,1,0,0,0,mixto
SNAP-00154,2026-05-05 18:31:52,1111,PUNO-CENTRAL,18:00-18:59,true,evening_peak,true,true,ninguno,desconocido,false,inicio_mes,false,none,normal,false,1,4,3,1,0,0,0,mixto
SNAP-00155,2026-05-05 18:46:24,1126,PUNO-CENTRAL,18:00-18:59,true,evening_peak,true,true,ninguno,desconocido,false,inicio_mes,false,none,normal,false,1,4,3,1,0,0,2,mixto
SNAP-00156,2026-05-05 18:57:20,1137,PUNO-CENTRAL,18:00-18:59,true,evening_peak,true,true,ninguno,desconocido,false,inicio_mes,false,none,alto,false,6,4,3,1,0,0,1,mixto
SNAP-00157,2026-05-05 19:10:05,1150,PUNO-CENTRAL,19:00-19:59,false,night_low,false,true,ninguno,desconocido,false,inicio_mes,false,none,normal,false,2,4,2,2,0,0,0,mixto
SNAP-00158,2026-05-05 19:26:44,1166,PUNO-CENTRAL,19:00-19:59,false,night_low,false,true,ninguno,desconocido,true,inicio_mes,false,atm_failure,alto,false,6,3,3,0,1,0,1,mixto
SNAP-00159,2026-05-05 19:37:00,1177,PUNO-CENTRAL,19:00-19:59,false,night_low,false,true,ninguno,desconocido,true,inicio_mes,false,atm_failure,alto,true,6,3,2,1,1,0,1,mixto
SNAP-00160,2026-05-05 19:37:18,1177,PUNO-CENTRAL,19:00-19:59,false,night_low,false,true,ninguno,desconocido,true,inicio_mes,false,atm_failure,alto,true,9,3,2,1,1,0,0,mixto
SNAP-00161,2026-05-05 19:38:00,1178,PUNO-CENTRAL,19:00-19:59,false,night_low,false,true,ninguno,desconocido,true,inicio_mes,false,atm_failure,alto,true,5,3,3,0,1,0,4,mixto
SNAP-00162,2026-05-05 19:49:28,1189,PUNO-CENTRAL,19:00-19:59,false,night_low,false,true,ninguno,desconocido,true,inicio_mes,false,atm_failure,alto,true,5,3,2,1,1,0,2,mixto
SNAP-00163,2026-05-05 20:17:42,1217,PUNO-CENTRAL,20:00-20:59,false,night_low,false,true,ninguno,desconocido,false,inicio_mes,false,none,normal,true,3,4,2,2,0,0,0,mixto
SNAP-00164,2026-05-05 20:36:45,1236,PUNO-CENTRAL,20:00-20:59,false,night_low,false,true,ninguno,desconocido,false,inicio_mes,false,none,normal,true,3,4,1,3,0,0,0,mixto
SNAP-00165,2026-05-05 20:53:09,1253,PUNO-CENTRAL,20:00-20:59,false,night_low,false,true,ninguno,desconocido,false,inicio_mes,false,none,normal,true,3,4,1,3,0,0,0,mixto
SNAP-00166,2026-05-05 21:16:49,1276,PUNO-CENTRAL,21:00-21:59,false,night_low,false,true,ninguno,desconocido,false,inicio_mes,false,none,moderado,true,1,4,1,3,0,0,0,mixto
SNAP-00001,2026-05-08 08:03:01,483,PUNO-CENTRAL,08:00-08:59,false,morning_transition,false,false,ninguno,desconocido,false,ninguno,false,none,normal,false,3,4,0,4,0,0,0,mixto
SNAP-00002,2026-05-08 08:14:16,494,PUNO-CENTRAL,08:00-08:59,false,morning_transition,false,false,ninguno,desconocido,false,ninguno,false,none,normal,false,0,4,1,3,0,0,0,mixto
SNAP-00003,2026-05-08 08:16:21,496,PUNO-CENTRAL,08:00-08:59,false,morning_transition,false,false,ninguno,desconocido,false,ninguno,false,none,moderado,false,3,4,2,2,0,0,0,mixto
SNAP-00004,2026-05-08 08:16:27,496,PUNO-CENTRAL,08:00-08:59,false,morning_transition,false,false,ninguno,desconocido,false,ninguno,false,none,moderado,false,3,4,1,3,0,0,0,mixto
SNAP-00005,2026-05-08 08:16:46,496,PUNO-CENTRAL,08:00-08:59,false,morning_transition,false,false,ninguno,desconocido,false,ninguno,false,none,normal,false,1,4,2,2,0,0,0,mixto
SNAP-00006,2026-05-08 08:16:52,496,PUNO-CENTRAL,08:00-08:59,false,morning_transition,false,false,ninguno,desconocido,false,ninguno,false,none,moderado,false,1,4,0,4,0,0,0,mixto
SNAP-00007,2026-05-08 08:17:00,497,PUNO-CENTRAL,08:00-08:59,false,morning_transition,false,false,ninguno,desconocido,false,ninguno,false,none,normal,false,2,4,2,2,0,0,0,mixto
SNAP-00008,2026-05-08 08:16:55,496,PUNO-CENTRAL,08:00-08:59,false,morning_transition,false,false,ninguno,desconocido,false,ninguno,false,none,moderado,false,0,4,1,3,0,0,0,mixto
SNAP-00009,2026-05-08 08:25:18,505,PUNO-CENTRAL,08:00-08:59,false,morning_transition,false,false,ninguno,desconocido,false,ninguno,false,none,moderado,false,0,4,1,3,0,0,0,mixto
SNAP-00010,2026-05-08 08:35:24,515,PUNO-CENTRAL,08:00-08:59,false,morning_transition,false,false,ninguno,desconocido,false,ninguno,false,none,moderado,false,3,4,0,4,0,0,0,mixto
SNAP-00011,2026-05-08 08:49:25,529,PUNO-CENTRAL,08:00-08:59,false,morning_transition,false,false,ninguno,desconocido,false,ninguno,false,none,normal,false,0,4,0,4,0,0,0,mixto
SNAP-00012,2026-05-08 09:01:15,541,PUNO-CENTRAL,09:00-09:59,false,morning_transition,false,false,ninguno,desconocido,false,ninguno,false,none,moderado,false,2,4,1,3,0,0,0,mixto
SNAP-00013,2026-05-08 09:20:34,560,PUNO-CENTRAL,09:00-09:59,false,morning_transition,false,false,ninguno,desconocido,false,ninguno,false,none,moderado,false,3,4,2,2,0,0,0,mixto
SNAP-00014,2026-05-08 09:31:01,571,PUNO-CENTRAL,09:00-09:59,false,morning_transition,false,false,ninguno,desconocido,false,ninguno,false,none,moderado,false,2,4,0,4,0,0,0,mixto
SNAP-00015,2026-05-08 09:41:03,581,PUNO-CENTRAL,09:00-09:59,false,morning_transition,false,false,ninguno,desconocido,false,ninguno,false,none,normal,false,3,4,2,2,0,0,0,inferido
SNAP-00016,2026-05-08 09:52:01,592,PUNO-CENTRAL,09:00-09:59,false,morning_transition,false,false,ninguno,desconocido,false,ninguno,false,none,moderado,false,3,4,2,2,0,0,0,mixto
SNAP-00017,2026-05-08 10:02:17,602,PUNO-CENTRAL,10:00-10:59,false,morning_transition,false,false,ninguno,desconocido,false,ninguno,false,none,normal,false,0,4,0,4,0,0,0,mixto
SNAP-00018,2026-05-08 10:12:34,612,PUNO-CENTRAL,10:00-10:59,false,morning_transition,false,false,ninguno,desconocido,false,ninguno,false,none,normal,false,2,4,2,2,0,0,0,inferido
SNAP-00019,2026-05-08 10:14:41,614,PUNO-CENTRAL,10:00-10:59,false,morning_transition,false,false,ninguno,desconocido,false,ninguno,false,none,normal,false,0,4,2,2,0,0,0,mixto
SNAP-00020,2026-05-08 10:15:04,615,PUNO-CENTRAL,10:00-10:59,false,morning_transition,false,false,ninguno,desconocido,false,ninguno,false,none,normal,false,0,4,0,4,0,0,0,mixto
SNAP-00021,2026-05-08 10:26:45,626,PUNO-CENTRAL,10:00-10:59,false,morning_transition,false,false,ninguno,desconocido,false,ninguno,false,none,normal,false,2,4,0,4,0,0,0,mixto
SNAP-00022,2026-05-08 10:36:50,636,PUNO-CENTRAL,10:00-10:59,true,midday_peak,true,false,ninguno,desconocido,false,ninguno,false,none,moderado,false,3,4,2,2,0,0,0,mixto
SNAP-00023,2026-05-08 10:36:47,636,PUNO-CENTRAL,10:00-10:59,true,midday_peak,true,false,ninguno,desconocido,false,ninguno,false,none,normal,false,3,4,3,1,0,0,1,mixto
SNAP-00024,2026-05-08 10:47:26,647,PUNO-CENTRAL,10:00-10:59,true,midday_peak,true,false,ninguno,desconocido,false,ninguno,false,none,alto,false,5,4,2,2,0,0,1,mixto
SNAP-00025,2026-05-08 10:47:33,647,PUNO-CENTRAL,10:00-10:59,true,midday_peak,true,false,ninguno,desconocido,false,ninguno,false,none,normal,false,2,4,4,0,0,0,0,mixto
SNAP-00026,2026-05-08 10:58:31,658,PUNO-CENTRAL,10:00-10:59,true,midday_peak,true,false,ninguno,desconocido,false,ninguno,false,none,alto,false,5,4,2,2,0,0,1,mixto
SNAP-00027,2026-05-08 11:09:12,669,PUNO-CENTRAL,11:00-11:59,true,midday_peak,true,false,ninguno,desconocido,false,ninguno,false,none,alto,false,2,4,4,0,0,0,1,mixto
SNAP-00028,2026-05-08 11:19:45,679,PUNO-CENTRAL,11:00-11:59,true,midday_peak,true,false,ninguno,desconocido,false,ninguno,false,none,alto,false,2,4,2,2,0,0,1,mixto
SNAP-00029,2026-05-08 11:20:06,680,PUNO-CENTRAL,11:00-11:59,true,midday_peak,true,false,ninguno,desconocido,false,ninguno,false,none,alto,false,4,4,3,1,0,0,1,inferido
SNAP-00030,2026-05-08 11:20:12,680,PUNO-CENTRAL,11:00-11:59,true,midday_peak,true,false,ninguno,desconocido,false,ninguno,false,none,alto,false,4,4,2,2,0,0,1,mixto
SNAP-00031,2026-05-08 11:25:33,685,PUNO-CENTRAL,11:00-11:59,true,midday_peak,true,false,ninguno,desconocido,false,ninguno,false,none,moderado,false,2,4,4,0,0,0,0,mixto
SNAP-00032,2026-05-08 11:25:45,685,PUNO-CENTRAL,11:00-11:59,true,midday_peak,true,false,ninguno,desconocido,false,ninguno,false,none,alto,false,5,4,3,1,0,0,1,mixto
SNAP-00033,2026-05-08 11:25:50,685,PUNO-CENTRAL,11:00-11:59,true,midday_peak,true,false,ninguno,desconocido,false,ninguno,false,none,moderado,false,6,4,3,1,0,0,1,mixto
SNAP-00034,2026-05-08 11:26:37,686,PUNO-CENTRAL,11:00-11:59,true,midday_peak,true,false,ninguno,desconocido,false,ninguno,false,none,moderado,false,2,4,3,1,0,0,1,mixto
SNAP-00035,2026-05-08 11:27:25,687,PUNO-CENTRAL,11:00-11:59,true,midday_peak,true,false,ninguno,desconocido,false,ninguno,false,none,alto,false,2,4,2,2,0,0,1,mixto
SNAP-00036,2026-05-08 11:28:05,688,PUNO-CENTRAL,11:00-11:59,true,midday_peak,true,false,ninguno,desconocido,false,ninguno,false,none,alto,false,5,4,3,1,0,0,1,mixto
SNAP-00037,2026-05-08 11:28:17,688,PUNO-CENTRAL,11:00-11:59,true,midday_peak,true,false,ninguno,desconocido,false,ninguno,false,none,moderado,false,1,4,3,1,0,0,2,mixto
SNAP-00038,2026-05-08 11:28:42,688,PUNO-CENTRAL,11:00-11:59,true,midday_peak,true,false,ninguno,desconocido,false,ninguno,false,none,alto,false,1,4,3,1,0,0,2,inferido
SNAP-00039,2026-05-08 11:29:30,689,PUNO-CENTRAL,11:00-11:59,true,midday_peak,true,false,ninguno,desconocido,false,ninguno,false,none,alto,false,1,4,4,0,0,0,2,mixto
SNAP-00040,2026-05-08 11:32:53,692,PUNO-CENTRAL,11:00-11:59,true,midday_peak,true,false,ninguno,desconocido,false,ninguno,false,none,alto,false,3,4,3,1,0,0,0,mixto
SNAP-00041,2026-05-08 11:32:57,692,PUNO-CENTRAL,11:00-11:59,true,midday_peak,true,false,ninguno,desconocido,false,ninguno,false,none,normal,false,2,4,3,1,0,0,2,mixto
SNAP-00042,2026-05-08 11:33:37,693,PUNO-CENTRAL,11:00-11:59,true,midday_peak,true,false,ninguno,desconocido,false,ninguno,false,none,alto,false,3,4,4,0,0,0,2,mixto
SNAP-00043,2026-05-08 11:37:11,697,PUNO-CENTRAL,11:00-11:59,true,midday_peak,true,false,ninguno,desconocido,true,ninguno,false,atm_failure,critico,false,7,2,1,1,2,0,6,mixto
SNAP-00044,2026-05-08 11:37:00,697,PUNO-CENTRAL,11:00-11:59,true,midday_peak,true,false,ninguno,desconocido,true,ninguno,false,atm_failure,alto,false,10,2,1,1,2,0,4,mixto
SNAP-00045,2026-05-08 11:37:08,697,PUNO-CENTRAL,11:00-11:59,true,midday_peak,true,false,ninguno,desconocido,true,ninguno,false,atm_failure,critico,false,8,2,2,0,2,0,1,mixto
SNAP-00046,2026-05-08 11:50:17,710,PUNO-CENTRAL,11:00-11:59,true,midday_peak,true,false,ninguno,desconocido,true,ninguno,false,atm_failure,alto,false,12,2,2,0,2,0,2,mixto
SNAP-00047,2026-05-08 11:50:32,710,PUNO-CENTRAL,11:00-11:59,true,midday_peak,true,false,ninguno,desconocido,true,ninguno,false,atm_failure,critico,false,14,2,1,1,2,0,3,inferido
SNAP-00048,2026-05-08 11:51:27,711,PUNO-CENTRAL,11:00-11:59,true,midday_peak,true,false,ninguno,desconocido,true,ninguno,false,atm_failure,critico,false,8,2,2,0,2,0,3,mixto
SNAP-00049,2026-05-08 11:58:45,718,PUNO-CENTRAL,11:00-11:59,true,midday_peak,true,false,ninguno,desconocido,true,ninguno,false,atm_failure,critico,false,11,2,2,0,2,0,1,mixto
SNAP-00050,2026-05-08 11:58:55,718,PUNO-CENTRAL,11:00-11:59,true,midday_peak,true,false,ninguno,desconocido,true,ninguno,false,atm_failure,critico,false,8,2,1,1,2,0,2,mixto
SNAP-00051,2026-05-08 11:59:11,719,PUNO-CENTRAL,11:00-11:59,true,midday_peak,true,false,ninguno,desconocido,true,ninguno,false,atm_failure,alto,false,14,2,2,0,2,0,3,mixto
SNAP-00052,2026-05-08 11:59:08,719,PUNO-CENTRAL,11:00-11:59,true,midday_peak,true,false,ninguno,desconocido,true,ninguno,false,atm_failure,critico,false,6,2,2,0,2,0,3,mixto
SNAP-00053,2026-05-08 11:59:17,719,PUNO-CENTRAL,11:00-11:59,true,midday_peak,true,false,ninguno,desconocido,true,ninguno,false,atm_failure,critico,false,13,2,1,1,2,0,3,mixto
SNAP-00054,2026-05-08 12:05:23,725,PUNO-CENTRAL,12:00-12:59,true,midday_peak,true,false,ninguno,desconocido,true,ninguno,false,atm_failure,critico,false,12,2,2,0,2,0,6,mixto
SNAP-00055,2026-05-08 12:17:15,737,PUNO-CENTRAL,12:00-12:59,true,midday_peak,true,false,ninguno,desconocido,true,ninguno,false,atm_failure,alto,false,9,2,1,1,2,0,4,inferido
SNAP-00056,2026-05-08 12:25:39,745,PUNO-CENTRAL,12:00-12:59,true,midday_peak,true,false,ninguno,desconocido,true,ninguno,false,atm_failure,alto,false,9,2,2,0,2,0,6,inferido
SNAP-00057,2026-05-08 12:25:40,745,PUNO-CENTRAL,12:00-12:59,true,midday_peak,true,false,ninguno,desconocido,true,ninguno,false,atm_failure,critico,false,10,2,2,0,2,0,6,mixto
SNAP-00058,2026-05-08 12:35:52,755,PUNO-CENTRAL,12:00-12:59,true,midday_peak,true,false,ninguno,desconocido,false,ninguno,false,none,normal,false,2,4,2,2,0,0,0,inferido
SNAP-00059,2026-05-08 12:44:11,764,PUNO-CENTRAL,12:00-12:59,true,midday_peak,true,false,ninguno,desconocido,false,ninguno,false,none,normal,false,4,4,3,1,0,0,0,mixto
SNAP-00060,2026-05-08 12:45:44,765,PUNO-CENTRAL,12:00-12:59,true,midday_peak,true,false,ninguno,desconocido,false,ninguno,false,none,moderado,false,5,4,2,2,0,0,0,inferido
SNAP-00061,2026-05-08 12:46:32,766,PUNO-CENTRAL,12:00-12:59,true,midday_peak,true,false,ninguno,desconocido,false,ninguno,false,none,alto,false,3,4,3,1,0,0,2,inferido
SNAP-00062,2026-05-08 12:51:44,771,PUNO-CENTRAL,12:00-12:59,true,midday_peak,true,false,ninguno,desconocido,false,ninguno,false,none,alto,false,5,4,4,0,0,0,1,mixto
SNAP-00063,2026-05-08 12:52:11,772,PUNO-CENTRAL,12:00-12:59,true,midday_peak,true,false,ninguno,desconocido,false,ninguno,false,none,moderado,false,6,4,4,0,0,0,0,mixto
SNAP-00064,2026-05-08 12:52:21,772,PUNO-CENTRAL,12:00-12:59,true,midday_peak,true,false,ninguno,desconocido,false,ninguno,false,none,alto,false,1,4,4,0,0,0,1,mixto
SNAP-00065,2026-05-08 12:52:56,772,PUNO-CENTRAL,12:00-12:59,true,midday_peak,true,false,ninguno,desconocido,false,ninguno,false,none,alto,false,3,4,3,1,0,0,0,inferido
SNAP-00066,2026-05-08 13:05:41,785,PUNO-CENTRAL,13:00-13:59,true,midday_peak,true,false,ninguno,desconocido,false,ninguno,false,none,moderado,false,2,4,3,1,0,0,1,mixto
SNAP-00067,2026-05-08 13:06:19,786,PUNO-CENTRAL,13:00-13:59,true,midday_peak,true,false,ninguno,desconocido,false,ninguno,false,none,alto,false,3,4,2,2,0,0,0,mixto
SNAP-00068,2026-05-08 13:14:55,794,PUNO-CENTRAL,13:00-13:59,true,midday_peak,true,false,ninguno,desconocido,false,ninguno,false,none,moderado,false,5,4,3,1,0,0,2,inferido
SNAP-00069,2026-05-08 13:16:19,796,PUNO-CENTRAL,13:00-13:59,true,midday_peak,true,false,ninguno,desconocido,false,ninguno,false,none,normal,false,4,4,2,2,0,0,1,mixto
SNAP-00070,2026-05-08 13:16:12,796,PUNO-CENTRAL,13:00-13:59,true,midday_peak,true,false,ninguno,desconocido,false,ninguno,false,none,alto,false,4,4,2,2,0,0,0,mixto
SNAP-00071,2026-05-08 13:23:12,803,PUNO-CENTRAL,13:00-13:59,true,midday_peak,true,false,ninguno,desconocido,false,ninguno,false,none,alto,false,6,4,2,2,0,0,2,mixto
SNAP-00072,2026-05-08 13:26:34,806,PUNO-CENTRAL,13:00-13:59,true,midday_peak,true,false,ninguno,desconocido,false,ninguno,false,none,normal,false,1,4,2,2,0,0,1,mixto
SNAP-00073,2026-05-08 13:35:40,815,PUNO-CENTRAL,13:00-13:59,true,midday_peak,true,false,ninguno,desconocido,false,ninguno,false,none,normal,false,5,4,2,2,0,0,0,mixto
SNAP-00074,2026-05-08 13:39:22,819,PUNO-CENTRAL,13:00-13:59,true,midday_peak,true,false,ninguno,desconocido,false,ninguno,false,none,normal,false,2,4,4,0,0,0,2,mixto
SNAP-00075,2026-05-08 13:40:48,820,PUNO-CENTRAL,13:00-13:59,true,midday_peak,true,false,ninguno,desconocido,false,ninguno,false,none,alto,false,3,4,2,2,0,0,0,mixto
SNAP-00076,2026-05-08 13:40:49,820,PUNO-CENTRAL,13:00-13:59,true,midday_peak,true,false,ninguno,desconocido,false,ninguno,false,none,normal,false,3,4,2,2,0,0,0,inferido
SNAP-00077,2026-05-08 13:45:27,825,PUNO-CENTRAL,13:00-13:59,true,midday_peak,true,false,ninguno,desconocido,false,ninguno,false,none,normal,false,3,4,4,0,0,0,0,mixto
SNAP-00078,2026-05-08 13:55:49,835,PUNO-CENTRAL,13:00-13:59,true,midday_peak,true,false,ninguno,desconocido,false,ninguno,false,none,normal,false,1,4,4,0,0,0,0,inferido
SNAP-00079,2026-05-08 13:57:53,837,PUNO-CENTRAL,13:00-13:59,true,midday_peak,true,false,ninguno,desconocido,false,ninguno,false,none,moderado,false,2,4,3,1,0,0,2,mixto
SNAP-00080,2026-05-08 13:58:04,838,PUNO-CENTRAL,13:00-13:59,true,midday_peak,true,false,ninguno,desconocido,false,ninguno,false,none,normal,false,2,4,2,2,0,0,1,inferido
SNAP-00081,2026-05-08 14:04:20,844,PUNO-CENTRAL,14:00-14:59,true,afternoon_peak,true,false,ninguno,desconocido,false,ninguno,false,none,alto,false,6,4,2,2,0,0,1,mixto
SNAP-00082,2026-05-08 14:04:53,844,PUNO-CENTRAL,14:00-14:59,true,afternoon_peak,true,false,ninguno,desconocido,false,ninguno,false,none,moderado,false,6,4,2,2,0,0,0,inferido
SNAP-00083,2026-05-08 14:05:10,845,PUNO-CENTRAL,14:00-14:59,true,afternoon_peak,true,false,ninguno,desconocido,false,ninguno,false,none,alto,false,3,4,3,1,0,0,2,inferido
SNAP-00084,2026-05-08 14:15:15,855,PUNO-CENTRAL,14:00-14:59,true,afternoon_peak,true,false,ninguno,desconocido,false,ninguno,false,none,normal,false,4,4,2,2,0,0,2,mixto
SNAP-00085,2026-05-08 14:16:49,856,PUNO-CENTRAL,14:00-14:59,true,afternoon_peak,true,false,ninguno,desconocido,false,ninguno,false,none,alto,false,1,4,4,0,0,0,2,mixto
SNAP-00086,2026-05-08 14:16:47,856,PUNO-CENTRAL,14:00-14:59,true,afternoon_peak,true,false,ninguno,desconocido,false,ninguno,false,none,alto,false,3,4,4,0,0,0,1,mixto
SNAP-00087,2026-05-08 14:21:10,861,PUNO-CENTRAL,14:00-14:59,true,afternoon_peak,true,false,ninguno,desconocido,false,ninguno,false,none,moderado,false,1,4,2,2,0,0,1,inferido
SNAP-00088,2026-05-08 14:21:22,861,PUNO-CENTRAL,14:00-14:59,true,afternoon_peak,true,false,ninguno,desconocido,false,ninguno,false,none,moderado,false,6,4,3,1,0,0,0,inferido
SNAP-00089,2026-05-08 14:21:31,861,PUNO-CENTRAL,14:00-14:59,true,afternoon_peak,true,false,ninguno,desconocido,false,ninguno,false,none,normal,false,4,4,4,0,0,0,0,mixto
SNAP-00090,2026-05-08 14:22:22,862,PUNO-CENTRAL,14:00-14:59,true,afternoon_peak,true,false,ninguno,desconocido,false,ninguno,false,none,normal,false,5,4,3,1,0,0,0,mixto
SNAP-00091,2026-05-08 14:30:00,870,PUNO-CENTRAL,14:00-14:59,true,afternoon_peak,true,false,ninguno,desconocido,false,ninguno,false,none,alto,false,3,4,2,2,0,0,2,mixto
SNAP-00092,2026-05-08 14:40:00,880,PUNO-CENTRAL,14:00-14:59,true,afternoon_peak,true,false,ninguno,desconocido,false,ninguno,false,none,moderado,false,5,4,4,0,0,0,2,mixto
SNAP-00093,2026-05-08 14:50:07,890,PUNO-CENTRAL,14:00-14:59,true,afternoon_peak,true,false,ninguno,desconocido,false,ninguno,false,none,moderado,false,5,4,3,1,0,0,2,mixto
SNAP-00094,2026-05-08 15:01:26,901,PUNO-CENTRAL,15:00-15:59,true,afternoon_peak,true,false,ninguno,desconocido,false,ninguno,false,none,moderado,false,5,4,3,1,0,0,2,mixto
SNAP-00095,2026-05-08 15:05:23,905,PUNO-CENTRAL,15:00-15:59,true,afternoon_peak,true,false,ninguno,desconocido,false,ninguno,false,none,alto,false,6,4,2,2,0,0,0,mixto
SNAP-00096,2026-05-08 15:08:33,908,PUNO-CENTRAL,15:00-15:59,true,afternoon_peak,true,false,ninguno,desconocido,false,ninguno,false,none,normal,false,5,4,4,0,0,0,2,inferido
SNAP-00097,2026-05-08 15:08:40,908,PUNO-CENTRAL,15:00-15:59,true,afternoon_peak,true,false,ninguno,desconocido,false,ninguno,false,none,moderado,false,4,4,3,1,0,0,0,mixto
SNAP-00098,2026-05-08 15:09:06,909,PUNO-CENTRAL,15:00-15:59,true,afternoon_peak,true,false,ninguno,desconocido,false,ninguno,false,none,moderado,false,4,4,3,1,0,0,1,mixto
SNAP-00099,2026-05-08 15:09:06,909,PUNO-CENTRAL,15:00-15:59,true,afternoon_peak,true,false,ninguno,desconocido,false,ninguno,false,none,moderado,false,1,4,4,0,0,0,1,mixto
SNAP-00100,2026-05-08 15:09:27,909,PUNO-CENTRAL,15:00-15:59,true,afternoon_peak,true,false,ninguno,desconocido,false,ninguno,false,none,moderado,false,6,4,3,1,0,0,1,inferido
SNAP-00101,2026-05-08 15:20:31,920,PUNO-CENTRAL,15:00-15:59,true,afternoon_peak,true,false,ninguno,desconocido,false,ninguno,false,none,normal,false,6,4,2,2,0,0,1,mixto
SNAP-00102,2026-05-08 15:31:29,931,PUNO-CENTRAL,15:00-15:59,true,afternoon_peak,true,false,ninguno,desconocido,false,ninguno,false,none,moderado,false,1,4,2,2,0,0,0,inferido
SNAP-00103,2026-05-08 15:43:11,943,PUNO-CENTRAL,15:00-15:59,true,afternoon_peak,true,false,ninguno,desconocido,false,ninguno,false,none,moderado,false,6,4,2,2,0,0,2,mixto
SNAP-00104,2026-05-08 15:44:30,944,PUNO-CENTRAL,15:00-15:59,true,afternoon_peak,true,false,ninguno,desconocido,false,ninguno,false,none,alto,false,5,4,2,2,0,0,0,mixto
SNAP-00105,2026-05-08 15:58:51,958,PUNO-CENTRAL,15:00-15:59,true,afternoon_peak,true,false,ninguno,desconocido,false,ninguno,false,none,alto,false,5,4,4,0,0,0,1,mixto
SNAP-00106,2026-05-08 16:11:43,971,PUNO-CENTRAL,16:00-16:59,false,night_low,false,false,ninguno,desconocido,false,ninguno,false,none,normal,false,3,4,0,4,0,0,0,mixto
SNAP-00107,2026-05-08 16:23:27,983,PUNO-CENTRAL,16:00-16:59,false,night_low,false,false,ninguno,desconocido,false,ninguno,false,none,moderado,false,3,4,2,2,0,0,0,mixto
SNAP-00108,2026-05-08 16:36:09,996,PUNO-CENTRAL,16:00-16:59,false,night_low,false,false,ninguno,desconocido,false,ninguno,false,none,moderado,false,2,4,0,4,0,0,0,mixto
SNAP-00109,2026-05-08 16:47:11,1007,PUNO-CENTRAL,16:00-16:59,false,night_low,false,false,ninguno,desconocido,false,ninguno,false,none,normal,false,2,4,1,3,0,0,0,mixto
SNAP-00110,2026-05-08 16:48:14,1008,PUNO-CENTRAL,16:00-16:59,false,night_low,false,false,ninguno,desconocido,false,ninguno,false,none,normal,false,1,4,2,2,0,0,0,mixto
SNAP-00111,2026-05-08 16:52:30,1012,PUNO-CENTRAL,16:00-16:59,false,night_low,false,false,ninguno,desconocido,false,ninguno,false,none,normal,false,3,4,2,2,0,0,0,mixto
SNAP-00112,2026-05-08 16:58:00,1018,PUNO-CENTRAL,16:00-16:59,false,night_low,false,false,ninguno,desconocido,false,ninguno,false,none,moderado,false,2,4,0,4,0,0,0,mixto
SNAP-00113,2026-05-08 16:58:19,1018,PUNO-CENTRAL,16:00-16:59,false,night_low,false,false,ninguno,desconocido,false,ninguno,false,none,normal,false,0,4,1,3,0,0,0,mixto
SNAP-00114,2026-05-08 16:58:28,1018,PUNO-CENTRAL,16:00-16:59,false,night_low,false,false,ninguno,desconocido,false,ninguno,false,none,normal,false,1,4,2,2,0,0,0,mixto
SNAP-00115,2026-05-08 16:58:26,1018,PUNO-CENTRAL,16:00-16:59,false,night_low,false,false,ninguno,desconocido,false,ninguno,false,none,moderado,false,0,4,2,2,0,0,0,mixto
SNAP-00116,2026-05-08 16:59:47,1019,PUNO-CENTRAL,16:00-16:59,false,night_low,false,false,ninguno,desconocido,false,ninguno,false,none,normal,false,2,4,2,2,0,0,0,inferido
SNAP-00117,2026-05-08 17:09:58,1029,PUNO-CENTRAL,17:00-17:59,true,evening_peak,true,false,ninguno,desconocido,true,ninguno,false,cashout,critico,false,10,3,2,1,0,1,6,mixto
SNAP-00118,2026-05-08 17:20:52,1040,PUNO-CENTRAL,17:00-17:59,true,evening_peak,true,false,ninguno,desconocido,true,ninguno,false,cashout,alto,false,11,3,3,0,0,1,1,mixto
SNAP-00119,2026-05-08 17:30:57,1050,PUNO-CENTRAL,17:00-17:59,true,evening_peak,true,false,ninguno,desconocido,true,ninguno,false,cashout,alto,false,12,3,2,1,0,1,1,mixto
SNAP-00120,2026-05-08 17:31:31,1051,PUNO-CENTRAL,17:00-17:59,true,evening_peak,true,false,ninguno,desconocido,true,ninguno,false,cashout,critico,false,7,3,2,1,0,1,6,mixto
SNAP-00121,2026-05-08 17:41:40,1061,PUNO-CENTRAL,17:00-17:59,true,evening_peak,true,false,ninguno,desconocido,true,ninguno,false,cashout,critico,false,12,3,2,1,0,1,4,mixto
SNAP-00122,2026-05-08 17:43:12,1063,PUNO-CENTRAL,17:00-17:59,true,evening_peak,true,false,ninguno,desconocido,true,ninguno,false,cashout,critico,false,8,3,3,0,0,1,3,mixto
SNAP-00123,2026-05-08 17:43:17,1063,PUNO-CENTRAL,17:00-17:59,true,evening_peak,true,false,ninguno,desconocido,true,ninguno,false,cashout,alto,false,7,3,3,0,0,1,1,mixto
SNAP-00124,2026-05-08 17:43:59,1063,PUNO-CENTRAL,17:00-17:59,true,evening_peak,true,false,ninguno,desconocido,true,ninguno,false,cashout,alto,false,6,3,2,1,0,1,6,inferido
SNAP-00125,2026-05-08 17:44:29,1064,PUNO-CENTRAL,17:00-17:59,true,evening_peak,true,false,ninguno,desconocido,true,ninguno,false,cashout,critico,false,13,3,3,0,0,1,6,mixto
SNAP-00126,2026-05-08 17:55:19,1075,PUNO-CENTRAL,17:00-17:59,true,evening_peak,true,false,ninguno,desconocido,true,ninguno,false,cashout,critico,false,13,3,3,0,0,1,4,mixto
SNAP-00127,2026-05-08 17:58:50,1078,PUNO-CENTRAL,17:00-17:59,true,evening_peak,true,false,ninguno,desconocido,true,ninguno,false,cashout,critico,false,14,3,2,1,0,1,1,mixto
SNAP-00128,2026-05-08 17:59:17,1079,PUNO-CENTRAL,17:00-17:59,true,evening_peak,true,false,ninguno,desconocido,true,ninguno,false,cashout,critico,false,7,3,3,0,0,1,3,mixto
SNAP-00129,2026-05-08 18:09:11,1089,PUNO-CENTRAL,18:00-18:59,true,evening_peak,true,false,ninguno,desconocido,true,ninguno,false,cashout,critico,false,14,3,3,0,0,1,6,mixto
SNAP-00130,2026-05-08 18:09:32,1089,PUNO-CENTRAL,18:00-18:59,true,evening_peak,true,false,ninguno,desconocido,true,ninguno,false,cashout,critico,false,9,3,2,1,0,1,4,mixto
SNAP-00131,2026-05-08 18:16:21,1096,PUNO-CENTRAL,18:00-18:59,true,evening_peak,true,false,ninguno,desconocido,false,ninguno,false,none,moderado,false,1,4,2,2,0,0,0,mixto
SNAP-00132,2026-05-08 18:16:40,1096,PUNO-CENTRAL,18:00-18:59,true,evening_peak,true,false,ninguno,desconocido,false,ninguno,false,none,moderado,false,2,4,2,2,0,0,1,mixto
SNAP-00133,2026-05-08 18:16:28,1096,PUNO-CENTRAL,18:00-18:59,true,evening_peak,true,false,ninguno,desconocido,false,ninguno,false,none,moderado,false,1,4,3,1,0,0,0,mixto
SNAP-00134,2026-05-08 18:17:12,1097,PUNO-CENTRAL,18:00-18:59,true,evening_peak,true,false,ninguno,desconocido,false,ninguno,false,none,normal,false,4,4,4,0,0,0,0,inferido
SNAP-00135,2026-05-08 18:17:20,1097,PUNO-CENTRAL,18:00-18:59,true,evening_peak,true,false,ninguno,desconocido,false,ninguno,false,none,normal,false,5,4,3,1,0,0,2,inferido
SNAP-00136,2026-05-08 18:18:17,1098,PUNO-CENTRAL,18:00-18:59,true,evening_peak,true,false,ninguno,desconocido,false,ninguno,false,none,moderado,false,5,4,4,0,0,0,2,mixto
SNAP-00137,2026-05-08 18:18:35,1098,PUNO-CENTRAL,18:00-18:59,true,evening_peak,true,false,ninguno,desconocido,false,ninguno,false,none,normal,false,4,4,2,2,0,0,2,inferido
SNAP-00138,2026-05-08 18:30:27,1110,PUNO-CENTRAL,18:00-18:59,true,evening_peak,true,false,ninguno,desconocido,false,ninguno,false,none,normal,false,1,4,3,1,0,0,1,mixto
SNAP-00139,2026-05-08 18:41:52,1121,PUNO-CENTRAL,18:00-18:59,true,evening_peak,true,false,ninguno,desconocido,false,ninguno,false,none,alto,false,5,4,3,1,0,0,1,inferido
SNAP-00140,2026-05-08 18:50:13,1130,PUNO-CENTRAL,18:00-18:59,true,evening_peak,true,false,ninguno,desconocido,true,ninguno,false,maintenance,alto,false,12,2,2,0,0,0,3,inferido
SNAP-00141,2026-05-08 18:52:12,1132,PUNO-CENTRAL,18:00-18:59,true,evening_peak,true,false,ninguno,desconocido,true,ninguno,false,maintenance,alto,false,6,2,2,0,0,0,3,mixto
SNAP-00142,2026-05-08 18:52:53,1132,PUNO-CENTRAL,18:00-18:59,true,evening_peak,true,false,ninguno,desconocido,true,ninguno,false,maintenance,critico,false,11,2,2,0,0,0,1,mixto
SNAP-00143,2026-05-08 18:53:17,1133,PUNO-CENTRAL,18:00-18:59,true,evening_peak,true,false,ninguno,desconocido,true,ninguno,false,maintenance,critico,false,9,2,1,1,0,0,4,mixto
SNAP-00144,2026-05-08 19:05:29,1145,PUNO-CENTRAL,19:00-19:59,false,night_low,false,false,ninguno,desconocido,true,ninguno,false,maintenance,alto,false,7,2,2,0,0,0,0,mixto
SNAP-00145,2026-05-08 19:16:34,1156,PUNO-CENTRAL,19:00-19:59,false,night_low,false,false,ninguno,desconocido,true,ninguno,false,maintenance,moderado,false,8,2,2,0,0,0,2,mixto
SNAP-00146,2026-05-08 19:27:01,1167,PUNO-CENTRAL,19:00-19:59,false,night_low,false,false,ninguno,desconocido,true,ninguno,false,maintenance,moderado,false,9,2,2,0,0,0,1,inferido
SNAP-00147,2026-05-08 19:37:29,1177,PUNO-CENTRAL,19:00-19:59,false,night_low,false,false,ninguno,desconocido,true,ninguno,false,maintenance,moderado,true,7,2,1,1,0,0,4,inferido
SNAP-00148,2026-05-08 19:52:02,1192,PUNO-CENTRAL,19:00-19:59,false,night_low,false,false,ninguno,desconocido,false,ninguno,false,none,moderado,true,2,4,1,3,0,0,0,mixto
SNAP-00149,2026-05-08 20:05:47,1205,PUNO-CENTRAL,20:00-20:59,false,night_low,false,false,ninguno,desconocido,false,ninguno,false,none,normal,true,1,4,2,2,0,0,0,mixto
SNAP-00150,2026-05-08 20:16:10,1216,PUNO-CENTRAL,20:00-20:59,false,night_low,false,false,ninguno,desconocido,false,ninguno,false,none,normal,true,1,4,0,4,0,0,0,inferido
SNAP-00151,2026-05-08 20:34:26,1234,PUNO-CENTRAL,20:00-20:59,false,night_low,false,false,ninguno,desconocido,false,ninguno,false,none,moderado,true,1,4,0,4,0,0,0,inferido
SNAP-00152,2026-05-08 20:50:20,1250,PUNO-CENTRAL,20:00-20:59,false,night_low,false,false,ninguno,desconocido,false,ninguno,false,none,normal,true,0,4,0,4,0,0,0,inferido
SNAP-00153,2026-05-08 21:03:36,1263,PUNO-CENTRAL,21:00-21:59,false,night_low,false,false,ninguno,desconocido,false,ninguno,false,none,normal,true,3,4,2,2,0,0,0,mixto
SNAP-00154,2026-05-08 21:15:44,1275,PUNO-CENTRAL,21:00-21:59,false,night_low,false,false,ninguno,desconocido,false,ninguno,false,none,moderado,true,3,4,2,2,0,0,0,mixto
SNAP-00155,2026-05-08 21:26:31,1286,PUNO-CENTRAL,21:00-21:59,false,night_low,false,false,ninguno,desconocido,false,ninguno,false,none,moderado,true,2,4,2,2,0,0,0,mixto
SNAP-00156,2026-05-08 21:38:08,1298,PUNO-CENTRAL,21:00-21:59,false,night_low,false,false,ninguno,desconocido,false,ninguno,false,none,normal,true,1,4,1,3,0,0,0,mixto
SNAP-00157,2026-05-08 21:49:25,1309,PUNO-CENTRAL,21:00-21:59,false,night_low,false,false,ninguno,desconocido,false,ninguno,false,none,normal,true,3,4,0,4,0,0,0,mixto
